long,long,long,long,flags,flags,long,long,flags,flags,long,long,long,long,flags,long,flags,flags,long,float,float,long,long,str,None,None,None,None,None,None,None,str,None,None,None,None,None,None,None,flags,str,None,None,None,None,None,None,None,str,None,None,None,None,None,None,None,flags,
1,-1,0,0,0x0,0x0,0,0,0x0,0x0,0,0,0,0,0x0,0,0x0,0x0,0,1.0,1.0,5,5,"ГРАВЕЦЬ: людина",,,,,,,,"ГРАВЕЦЬ: людина",,,,,,,,0xFF01FE,"",,,,,,,,"",,,,,,,,0xFF01FC,
2,-1,0,0,0x0,0x0,0,0,0x0,0x0,0,0,0,0,0x0,0,0x0,0x0,0,1.0,1.0,5,5,"ГРАВЕЦЬ: орк",,,,,,,,"ГРАВЕЦЬ: орк",,,,,,,,0xFF01FE,"",,,,,,,,"",,,,,,,,0xFF01FC,
3,-1,0,0,0x0,0x0,0,0,0x0,0x0,0,0,0,0,0x0,0,0x0,0x0,0,1.0,1.0,5,5,"ГРАВЕЦЬ: дворф",,,,,,,,"ГРАВЕЦЬ: дворф",,,,,,,,0xFF01FE,"",,,,,,,,"",,,,,,,,0xFF01FC,
4,-1,0,0,0x0,0x0,0,0,0x0,0x0,0,0,0,0,0x0,0,0x0,0x0,0,1.0,1.0,5,5,"ГРАВЕЦЬ: Нічний ельф",,,,,,,,"ГРАВЕЦЬ: Нічний ельф",,,,,,,,0xFF01FE,"",,,,,,,,"",,,,,,,,0xFF01FC,
5,-1,0,0,0x0,0x0,0,0,0x0,0x0,0,0,0,0,0x0,0,0x0,0x0,0,1.0,1.0,5,5,"ГРАВЕЦЬ: немертвий",,,,,,,,"ГРАВЕЦЬ: немертвий",,,,,,,,0xFF01FE,"",,,,,,,,"",,,,,,,,0xFF01FE,
6,-1,0,0,0x0,0x0,0,0,0x0,0x0,0,0,0,0,0x0,0,0x0,0x0,0,1.0,1.0,5,5,"ГРАВЕЦЬ: таурен",,,,,,,,"ГРАВЕЦЬ: таурен",,,,,,,,0xFF01FE,"",,,,,,,,"",,,,,,,,0xFF01FC,
7,-1,0,0,0x0,0x0,0,0,0x0,0x0,0,0,0,0,0x0,0,0x0,0x0,0,1.0,1.0,5,5,"Тварина",,,,,,,,"Тварина",,,,,,,,0xFF01FE,"",,,,,,,,"",,,,,,,,0xFF01FC,
8,-1,0,0,0x0,0x0,0,0,0x0,0x0,0,0,0,0,0x0,0,0x0,0x0,0,1.0,1.0,5,5,"ГРАВЕЦЬ: гном",,,,,,,,"ГРАВЕЦЬ: гном",,,,,,,,0xFF01FE,"",,,,,,,,"",,,,,,,,0xFF01FC,
9,-1,0,0,0x0,0x0,0,0,0x0,0x0,0,0,0,0,0x0,0,0x0,0x0,0,1.0,1.0,5,5,"ГРАВЕЦЬ: троль",,,,,,,,"ГРАВЕЦЬ: троль",,,,,,,,0xFF01FE,"",,,,,,,,"",,,,,,,,0xFF01FC,
14,-1,0,0,0x0,0x0,0,0,0x0,0x0,0,0,0,0,0x0,0,0x0,0x0,0,1.0,1.0,5,5,"Монстр",,,,,,,,"Монстр",,,,,,,,0xFF01FE,"",,,,,,,,"",,,,,,,,0xFF01FC,
15,-1,0,0,0x0,0x0,0,0,0x0,0x0,0,0,0,0,0x0,0,0x0,0x0,0,1.0,1.0,5,5,"Братство Справедливості",,,,,,,,"Братство Справедливості",,,,,,,,0xFF01FE,"",,,,,,,,"",,,,,,,,0xFF01FC,
16,-1,0,0,0x0,0x0,0,0,0x0,0x0,0,0,0,0,0x0,0,0x0,0x0,0,1.0,1.0,5,5,"Гнолл: Річкова Лапа",,,,,,,,"Гнолл: Річкова Лапа",,,,,,,,0xFF01FE,"",,,,,,,,"",,,,,,,,0xFF01FC,
17,-1,0,0,0x0,0x0,0,0,0x0,0x0,0,0,0,0,0x0,0,0x0,0x0,0,1.0,1.0,5,5,"Гнолл: Плем'я Червоногір'я",,,,,,,,"Гнолл: Плем'я Червоногір'я",,,,,,,,0xFF01FE,"",,,,,,,,"",,,,,,,,0xFF01FC,
18,-1,0,0,0x0,0x0,0,0,0x0,0x0,0,0,0,0,0x0,0,0x0,0x0,0,1.0,1.0,5,5,"Гнолл: Темношкури",,,,,,,,"Гнолл: Темношкури",,,,,,,,0xFF01FE,"",,,,,,,,"",,,,,,,,0xFF01FC,
19,-1,0,0,0x0,0x0,0,0,0x0,0x0,0,0,0,0,0x0,0,0x0,0x0,0,1.0,1.0,5,5,"Мурлок",,,,,,,,"Мурлок",,,,,,,,0xFF01FE,"",,,,,,,,"",,,,,,,,0xFF01FC,
20,-1,0,0,0x0,0x0,0,0,0x0,0x0,0,0,0,0,0x0,0,0x0,0x0,0,1.0,1.0,5,5,"Нежить, Скара",,,,,,,,"Нежить, Скара",,,,,,,,0xFF01FE,"",,,,,,,,"",,,,,,,,0xFF01FC,
21,1,1791,0,0x0,0x0,0,0,0x0,0x0,500,0,0,0,0x40,0,0x0,0x0,169,1.0,0.5,7,5,"Піратська Бухта",,,,,,,,"Піратська Бухта",,,,,,,,0xFF01FE,"Цим процвітаючим прибережним містом керує барон Ревілгаз, очільник Чорноводних Рейдерів. Вони є заклятими ворогами Буканьєрів Кривавого Вітрила та входять до складу картелю Хитра Шестерня.",,,,,,,,"Цим процвітаючим прибережним містом керує барон Ревілгаз, очільник Чорноводних Рейдерів. Вони є заклятими ворогами Буканьєрів Кривавого Вітрила та входять до складу картелю Хитра Шестерня.",,,,,,,,0xFF01FE,
22,-1,0,0,0x0,0x0,0,0,0x0,0x0,0,0,0,0,0x0,0,0x0,0x0,0,1.0,1.0,5,5,"Звір: павук",,,,,,,,"Звір: павук",,,,,,,,0xFF01FE,"",,,,,,,,"",,,,,,,,0xFF01FC,
23,-1,0,0,0x0,0x0,0,0,0x0,0x0,0,0,0,0,0x0,0,0x0,0x0,0,1.0,1.0,5,5,"Звір: кабан",,,,,,,,"Звір: кабан",,,,,,,,0xFF01FE,"",,,,,,,,"",,,,,,,,0xFF01FC,
24,-1,0,0,0x0,0x0,0,0,0x0,0x0,0,0,0,0,0x0,0,0x0,0x0,0,1.0,1.0,5,5,"Ворген",,,,,,,,"Ворген",,,,,,,,0xFF01FE,"",,,,,,,,"",,,,,,,,0xFF01FC,
25,-1,0,0,0x0,0x0,0,0,0x0,0x0,0,0,0,0,0x0,0,0x0,0x0,0,1.0,1.0,5,5,"Кобольд",,,,,,,,"Кобольд",,,,,,,,0xFF01FE,"",,,,,,,,"",,,,,,,,0xFF01FC,
26,-1,0,0,0x0,0x0,0,0,0x0,0x0,0,0,0,0,0x0,0,0x0,0x0,0,1.0,1.0,5,5,"Троль: Кривавий Скальп",,,,,,,,"Троль: Кривавий Скальп",,,,,,,,0xFF01FE,"",,,,,,,,"",,,,,,,,0xFF01FC,
27,-1,0,0,0x0,0x0,0,0,0x0,0x0,0,0,0,0,0x0,0,0x0,0x0,0,1.0,1.0,5,5,"Троль: Дробителі Черепів",,,,,,,,"Троль: Дробителі Черепів",,,,,,,,0xFF01FE,"",,,,,,,,"",,,,,,,,0xFF01FC,
28,-1,0,0,0x0,0x0,0,0,0x0,0x0,0,0,0,0,0x0,0,0x0,0x0,0,1.0,1.0,5,5,"Добыча",,,,,,,,"Добыча",,,,,,,,0xFF01FE,"",,,,,,,,"",,,,,,,,0xFF01FC,
29,-1,0,0,0x0,0x0,0,0,0x0,0x0,0,0,0,0,0x0,0,0x0,0x0,0,1.0,1.0,5,5,"Звір: вовк",,,,,,,,"Звір: вовк",,,,,,,,0xFF01FE,"",,,,,,,,"",,,,,,,,0xFF01FC,
30,-1,0,0,0x0,0x0,0,0,0x0,0x0,0,0,0,0,0x0,0,0x0,0x0,0,1.0,1.0,5,5,"Зрадник Братства Справедливості",,,,,,,,"Зрадник Братства Справедливості",,,,,,,,0xFF01FE,"",,,,,,,,"",,,,,,,,0xFF01FC,
31,-1,0,0,0x0,0x0,0,0,0x0,0x0,0,0,0,0,0x0,0,0x0,0x0,0,1.0,1.0,5,5,"Дружній",,,,,,,,"Дружній",,,,,,,,0xFF01FE,"",,,,,,,,"",,,,,,,,0xFF01FC,
32,-1,0,0,0x0,0x0,0,0,0x0,0x0,0,0,0,0,0x0,0,0x0,0x0,0,1.0,1.0,5,5,"Трогг",,,,,,,,"Трогг",,,,,,,,0xFF01FE,"",,,,,,,,"",,,,,,,,0xFF01FC,
33,-1,0,0,0x0,0x0,0,0,0x0,0x0,0,0,0,0,0x0,0,0x0,0x0,0,1.0,1.0,5,5,"Троль: Мерзлогриви",,,,,,,,"Троль: Мерзлогриви",,,,,,,,0xFF01FE,"",,,,,,,,"",,,,,,,,0xFF01FC,
34,-1,0,0,0x0,0x0,0,0,0x0,0x0,0,0,0,0,0x0,0,0x0,0x0,0,1.0,1.0,5,5,"Орк: Чорна Гора",,,,,,,,"Орк: Чорна Гора",,,,,,,,0xFF01FE,"",,,,,,,,"",,,,,,,,0xFF01FC,
35,-1,0,0,0x0,0x0,0,0,0x0,0x0,0,0,0,0,0x0,0,0x0,0x0,0,1.0,1.0,5,5,"Злодій",,,,,,,,"Злодій",,,,,,,,0xFF01FE,"",,,,,,,,"",,,,,,,,0xFF01FC,
36,-1,0,0,0x0,0x0,0,0,0x0,0x0,0,0,0,0,0x0,0,0x0,0x0,0,1.0,1.0,5,5,"Жертва",,,,,,,,"Жертва",,,,,,,,0xFF01FE,"",,,,,,,,"",,,,,,,,0xFF01FC,
37,-1,0,0,0x0,0x0,0,0,0x0,0x0,0,0,0,0,0x0,0,0x0,0x0,0,1.0,1.0,5,5,"Звір: ведмідь",,,,,,,,"Звір: ведмідь",,,,,,,,0xFF01FE,"",,,,,,,,"",,,,,,,,0xFF01FC,
38,-1,0,0,0x0,0x0,0,0,0x0,0x0,0,0,0,0,0x0,0,0x0,0x0,0,1.0,1.0,5,5,"Огр",,,,,,,,"Огр",,,,,,,,0xFF01FE,"",,,,,,,,"",,,,,,,,0xFF01FC,
39,-1,0,0,0x0,0x0,0,0,0x0,0x0,0,0,0,0,0x0,0,0x0,0x0,0,1.0,1.0,5,5,"Найманці Курцена",,,,,,,,"Найманці Курцена",,,,,,,,0xFF01FE,"",,,,,,,,"",,,,,,,,0xFF01FC,
40,-1,0,0,0x0,0x0,0,0,0x0,0x0,0,0,0,0,0x0,0,0x0,0x0,0,1.0,1.0,5,5,"Супроводжуваний",,,,,,,,"Супроводжуваний",,,,,,,,0xFF01FE,"",,,,,,,,"",,,,,,,,0xFF01FC,
41,-1,0,0,0x0,0x0,0,0,0x0,0x0,0,0,0,0,0x0,0,0x0,0x0,0,1.0,1.0,5,5,"Торговая Компания",,,,,,,,"Торговая Компания",,,,,,,,0xFF01FE,"",,,,,,,,"",,,,,,,,0xFF01FC,
42,-1,0,0,0x0,0x0,0,0,0x0,0x0,0,0,0,0,0x0,0,0x0,0x0,0,1.0,1.0,5,5,"Звір: ящір",,,,,,,,"Звір: ящір",,,,,,,,0xFF01FE,"",,,,,,,,"",,,,,,,,0xFF01FC,
43,-1,0,0,0x0,0x0,0,0,0x0,0x0,0,0,0,0,0x0,0,0x0,0x0,0,1.0,1.0,5,5,"Василиск",,,,,,,,"Василиск",,,,,,,,0xFF01FE,"",,,,,,,,"",,,,,,,,0xFF01FC,
44,-1,0,0,0x0,0x0,0,0,0x0,0x0,0,0,0,0,0x0,0,0x0,0x0,0,1.0,1.0,5,5,"Зелені дракони",,,,,,,,"Зелені дракони",,,,,,,,0xFF01FE,"",,,,,,,,"",,,,,,,,0xFF01FC,
45,-1,0,0,0x0,0x0,0,0,0x0,0x0,0,0,0,0,0x0,0,0x0,0x0,0,1.0,1.0,5,5,"Заблукалі",,,,,,,,"Заблукалі",,,,,,,,0xFF01FE,"",,,,,,,,"",,,,,,,,0xFF01FC,
46,29,1791,0,0x0,0x0,0,0,0x0,0x0,0,0,0,0,0x4,0,0x0,0x0,0,1.0,1.0,5,5,"Ковальська справа: коваль обладунків",,,,,,,,"Ковальська справа: коваль обладунків",,,,,,,,0xFF01FE,"",,,,,,,,"",,,,,,,,0xFF01FC,
47,20,1097,690,0x4,0x0,0,0,0x0,0x0,3100,-42000,4000,0,0x111,6,0x11,0x0,469,1.0,0.25,7,5,"Стальгорн",,,,,,,,"Стальгорн",,,,,,,,0xFF01FE,"Столиця Альянсу й гордість дворфів Дун Морога. Домівка короля Маґні.",,,,,,,,"Столиця Альянсу й гордість дворфів Дун Морога. Домівка короля Маґні.",,,,,,,,0xFF01FE,
48,-1,0,0,0x0,0x0,0,0,0x0,0x0,0,0,0,0,0x0,0,0x0,0x0,0,1.0,1.0,5,5,"Дворфи Чорного Заліза",,,,,,,,"Дворфи Чорного Заліза",,,,,,,,0xFF01FE,"",,,,,,,,"",,,,,,,,0xFF01FC,
49,-1,0,0,0x0,0x0,0,0,0x0,0x0,0,0,0,0,0x0,0,0x0,0x0,0,1.0,1.0,5,5,"Людина: Нічна Варта",,,,,,,,"Людина: Нічна Варта",,,,,,,,0xFF01FE,"",,,,,,,,"",,,,,,,,0xFF01FC,
50,-1,0,0,0x0,0x0,0,0,0x0,0x0,0,0,0,0,0x0,0,0x0,0x0,0,1.0,1.0,5,5,"Червоні дракони",,,,,,,,"Червоні дракони",,,,,,,,0xFF01FE,"",,,,,,,,"",,,,,,,,0xFF01FC,
51,-1,0,0,0x0,0x0,0,0,0x0,0x0,0,0,0,0,0x0,0,0x0,0x0,0,1.0,1.0,5,5,"Гнолл: Мохошкур",,,,,,,,"Гнолл: Мохошкур",,,,,,,,0xFF01FE,"",,,,,,,,"",,,,,,,,0xFF01FC,
52,-1,0,0,0x0,0x0,0,0,0x0,0x0,0,0,0,0,0x0,0,0x0,0x0,0,1.0,1.0,5,5,"Орк: Драконяча Паща",,,,,,,,"Орк: Драконяча Паща",,,,,,,,0xFF01FE,"",,,,,,,,"",,,,,,,,0xFF01FC,
53,-1,0,0,0x0,0x0,0,0,0x0,0x0,0,0,0,0,0x0,0,0x0,0x0,0,1.0,1.0,5,5,"Гном: заражений",,,,,,,,"Гном: заражений",,,,,,,,0xFF01FE,"",,,,,,,,"",,,,,,,,0xFF01FC,
54,18,1037,690,0x40,0x0,0,0,0x0,0x0,3100,-42000,4000,0,0x111,6,0x11,0x0,469,1.0,0.25,7,5,"Изгнанники Гномергану",,,,,,,,"Изгнанники Гномергану",,,,,,,,0xFF01FE,"Ці колишні жителі Гномергану знайшли прихисток в Стальгорні і тепер входять в склад Альянсу.",,,,,,,,"Ці колишні жителі Гномергану знайшли прихисток в Стальгорні і тепер входять в склад Альянсу.",,,,,,,,0xFF01FE,
55,-1,0,0,0x0,0x0,0,0,0x0,0x0,0,0,0,0,0x0,0,0x0,0x0,0,1.0,1.0,5,5,"Леопард",,,,,,,,"Леопард",,,,,,,,0xFF01FE,"",,,,,,,,"",,,,,,,,0xFF01FC,
56,-1,0,0,0x0,0x0,0,0,0x0,0x0,0,0,0,0,0x0,0,0x0,0x0,0,1.0,1.0,5,5,"Багровий орден",,,,,,,,"Багровий орден",,,,,,,,0xFF01FE,"",,,,,,,,"",,,,,,,,0xFF01FC,
57,-1,0,0,0x0,0x0,0,0,0x0,0x0,0,0,0,0,0x0,0,0x0,0x0,0,1.0,1.0,5,5,"Гнолл: Гнилошкури",,,,,,,,"Гнолл: Гнилошкури",,,,,,,,0xFF01FE,"",,,,,,,,"",,,,,,,,0xFF01FC,
58,-1,0,0,0x0,0x0,0,0,0x0,0x0,0,0,0,0,0x0,0,0x0,0x0,0,1.0,1.0,5,5,"Звір: горила",,,,,,,,"Звір: горила",,,,,,,,0xFF01FE,"",,,,,,,,"",,,,,,,,0xFF01FC,
59,4,1791,0,0x0,0x0,0,0,0x0,0x0,0,0,0,0,0x10,0,0x0,0x0,1118,0.0,0.0,5,5,"Братство Торію",,,,,,,,"Братство Торію",,,,,,,,0xFF01FE,"Дворфи Братства Торію – винятково вправні майстри, а їхніх ковалів вважають одними з найкращих в усьому Азероті.",,,,,,,,"Дворфи Братства Торію – винятково вправні майстри, а їхніх ковалів вважають одними з найкращих в усьому Азероті.",,,,,,,,0xFF01FE,
60,-1,0,0,0x0,0x0,0,0,0x0,0x0,0,0,0,0,0x0,0,0x0,0x0,0,1.0,1.0,5,5,"Нага",,,,,,,,"Нага",,,,,,,,0xFF01FE,"",,,,,,,,"",,,,,,,,0xFF01FC,
61,-1,0,0,0x0,0x0,0,0,0x0,0x0,0,0,0,0,0x0,0,0x0,0x0,0,1.0,1.0,5,5,"Даларан",,,,,,,,"Даларан",,,,,,,,0xFF01FE,"",,,,,,,,"",,,,,,,,0xFF01FC,
62,-1,0,0,0x0,0x0,0,0,0x0,0x0,0,0,0,0,0x0,0,0x0,0x0,0,1.0,1.0,5,5,"Неприкаянный дух",,,,,,,,"Неприкаянный дух",,,,,,,,0xFF01FE,"",,,,,,,,"",,,,,,,,0xFF01FC,
63,-1,0,0,0x0,0x0,0,0,0x0,0x0,0,0,0,0,0x0,0,0x0,0x0,0,1.0,1.0,5,5,"Мрачный Вой",,,,,,,,"Мрачный Вой",,,,,,,,0xFF01FE,"",,,,,,,,"",,,,,,,,0xFF01FC,
64,-1,0,0,0x0,0x0,0,0,0x0,0x0,0,0,0,0,0x0,0,0x0,0x0,0,1.0,1.0,5,5,"Грелль",,,,,,,,"Грелль",,,,,,,,0xFF01FE,"",,,,,,,,"",,,,,,,,0xFF01FC,
65,-1,0,0,0x0,0x0,0,0,0x0,0x0,0,0,0,0,0x0,0,0x0,0x0,0,1.0,1.0,5,5,"Фурболг",,,,,,,,"Фурболг",,,,,,,,0xFF01FE,"",,,,,,,,"",,,,,,,,0xFF01FC,
66,-1,0,0,0x0,0x0,0,0,0x0,0x0,0,0,0,0,0x0,0,0x0,0x0,0,1.0,1.0,5,5,"Орда: стандартный",,,,,,,,"Орда: стандартный",,,,,,,,0xFF01FE,"",,,,,,,,"",,,,,,,,0xFF01FC,
67,12,690,1101,0x0,0x0,0,0,0x0,0x0,3500,-42000,0,0,0x19,14,0x0,0x0,1118,0.0,0.0,5,5,"Орда",,,,,,,,"Орда",,,,,,,,0xFF01FE,"",,,,,,,,"",,,,,,,,0xFF01FC,
68,17,162,1101,0x10,0x200,0,0,0x0,0x0,500,-42000,4000,3100,0x111,6,0x11,0x11,67,1.0,0.25,7,5,"Підмісто",,,,,,,,"Підмісто",,,,,,,,0xFF01FE,"Підземелля під руїнами Лордерону населені Відреченими, які уклали крихкий союз з Ордою. Ними править леді Сільвана.",,,,,,,,"Підземелля під руїнами Лордерону населені Відреченими, які уклали крихкий союз з Ордою. Ними править леді Сільвана.",,,,,,,,0xFF01FE,
69,21,1093,690,0x8,0x0,0,0,0x0,0x0,3100,-42000,4000,0,0x111,6,0x11,0x0,469,1.0,0.25,7,5,"Дарнас",,,,,,,,"Дарнас",,,,,,,,0xFF01FE,"Одна зі столиць Альянсу, розташована на острові Тельдрассіл і населена нічними ельфами. Нею править верховна жриця Елуни Тіранда Шелест Вітру.",,,,,,,,"Одна зі столиць Альянсу, розташована на острові Тельдрассіл і населена нічними ельфами. Нею править верховна жриця Елуни Тіранда Шелест Вітру.",,,,,,,,0xFF01FE,
70,6,1791,0,0x0,0x0,0,0,0x0,0x0,-10000,0,0,0,0x2,0,0x0,0x0,0,1.0,1.0,5,5,"Синдикат",,,,,,,,"Синдикат",,,,,,,,0xFF01FE,"Злочинне угруповання, створене людьми. Діє майже на всій території Альтеракських гір і Передгір'я Гіллсбраду.",,,,,,,,"Злочинне угруповання, створене людьми. Діє майже на всій території Альтеракських гір і Передгір'я Гіллсбраду.",,,,,,,,0xFF01FE,
71,-1,0,0,0x0,0x0,0,0,0x0,0x0,0,0,0,0,0x0,0,0x0,0x0,0,1.0,1.0,5,5,"Дружина Гілсбраду",,,,,,,,"Дружина Гілсбраду",,,,,,,,0xFF01FE,"",,,,,,,,"",,,,,,,,0xFF01FC,
72,19,1100,690,0x1,0x0,0,0,0x0,0x0,3100,-42000,4000,0,0x111,6,0x11,0x0,469,1.0,0.25,7,5,"Штормград",,,,,,,,"Штормград",,,,,,,,0xFF01FE,"Один з останніх оплотів людської влади, очолюваний королем Варіаном Рінном, який повернувся на престол.",,,,,,,,"Один з останніх оплотів людської влади, очолюваний королем Варіаном Рінном, який повернувся на престол.",,,,,,,,0xFF01FE,
73,-1,0,0,0x0,0x0,0,0,0x0,0x0,0,0,0,0,0x0,0,0x0,0x0,0,1.0,1.0,5,5,"Демон",,,,,,,,"Демон",,,,,,,,0xFF01FE,"",,,,,,,,"",,,,,,,,0xFF01FC,
74,-1,0,0,0x0,0x0,0,0,0x0,0x0,0,0,0,0,0x0,0,0x0,0x0,0,1.0,1.0,5,5,"Елементаль",,,,,,,,"Елементаль",,,,,,,,0xFF01FE,"",,,,,,,,"",,,,,,,,0xFF01FC,
75,-1,0,0,0x0,0x0,0,0,0x0,0x0,0,0,0,0,0x0,0,0x0,0x0,0,1.0,1.0,5,5,"Дух",,,,,,,,"Дух",,,,,,,,0xFF01FE,"",,,,,,,,"",,,,,,,,0xFF01FC,
76,14,160,1101,0x2,0x210,0,0,0x0,0x0,3100,-42000,4000,500,0x111,6,0x11,0x11,67,1.0,0.25,7,5,"Оргріммар",,,,,,,,"Оргріммар",,,,,,,,0xFF01FE,"Ця столиця Орди, заснована Траллом, є домівкою для численних орочих кланів Дуротару.",,,,,,,,"Ця столиця Орди, заснована Траллом, є домівкою для численних орочих кланів Дуротару.",,,,,,,,0xFF01FE,
77,-1,0,0,0x0,0x0,0,0,0x0,0x0,0,0,0,0,0x0,0,0x0,0x0,0,1.0,1.0,5,5,"Скарб",,,,,,,,"Скарб",,,,,,,,0xFF01FE,"",,,,,,,,"",,,,,,,,0xFF01FC,
78,-1,0,0,0x0,0x0,0,0,0x0,0x0,0,0,0,0,0x0,0,0x0,0x0,0,1.0,1.0,5,5,"Гнолл: Бруднорил",,,,,,,,"Гнолл: Бруднорил",,,,,,,,0xFF01FE,"",,,,,,,,"",,,,,,,,0xFF01FC,
79,-1,0,0,0x0,0x0,0,0,0x0,0x0,0,0,0,0,0x0,0,0x0,0x0,0,1.0,1.0,5,5,"Гіллсбрад, мер Південнобережжя",,,,,,,,"Гіллсбрад, мер Південнобережжя",,,,,,,,0xFF01FE,"",,,,,,,,"",,,,,,,,0xFF01FC,
80,-1,0,0,0x0,0x0,0,0,0x0,0x0,0,0,0,0,0x0,0,0x0,0x0,0,1.0,1.0,5,5,"Чорні дракони",,,,,,,,"Чорні дракони",,,,,,,,0xFF01FE,"",,,,,,,,"",,,,,,,,0xFF01FC,
81,16,130,1101,0x210,0x20,0,0,0x0,0x0,3100,-42000,500,4000,0x111,6,0x11,0x11,67,1.0,0.25,7,5,"Громовий Перевал",,,,,,,,"Громовий Перевал",,,,,,,,0xFF01FE,"У цій столиці Орди править могутній таурен Керн Криваве Копито.",,,,,,,,"У цій столиці Орди править могутній таурен Керн Криваве Копито.",,,,,,,,0xFF01FE,
82,-1,0,0,0x0,0x0,0,0,0x0,0x0,0,0,0,0,0x0,0,0x0,0x0,0,1.0,1.0,5,5,"Троль: Сухошкірі",,,,,,,,"Троль: Сухошкірі",,,,,,,,0xFF01FE,"",,,,,,,,"",,,,,,,,0xFF01FC,
83,23,1791,0,0x0,0x0,0,0,0x0,0x0,2999,0,0,0,0x4,0,0x0,0x0,0,1.0,1.0,5,5,"Шкіряна справа: сила стихій",,,,,,,,"Шкіряна справа: сила стихій",,,,,,,,0xFF01FE,"",,,,,,,,"",,,,,,,,0xFF01FC,
84,-1,0,0,0x0,0x0,0,0,0x0,0x0,0,0,0,0,0x0,0,0x0,0x0,0,1.0,1.0,5,5,"Свинобраз: Голкогриві",,,,,,,,"Свинобраз: Голкогриві",,,,,,,,0xFF01FE,"",,,,,,,,"",,,,,,,,0xFF01FC,
85,-1,0,0,0x0,0x0,0,0,0x0,0x0,0,0,0,0,0x0,0,0x0,0x0,0,1.0,1.0,5,5,"Свинобраз: Дибогриви",,,,,,,,"Свинобраз: Дыбогриви",,,,,,,,0xFF01FE,"",,,,,,,,"",,,,,,,,0xFF01FC,
86,22,1791,0,0x0,0x0,0,0,0x0,0x0,2999,0,0,0,0x4,0,0x0,0x0,0,1.0,1.0,5,5,"Шкіряна справа: луска дракона",,,,,,,,"Шкіряна справа: луска дракона",,,,,,,,0xFF01FE,"",,,,,,,,"",,,,,,,,0xFF01FC,
87,0,1791,0,0x0,0x0,0,0,0x0,0x0,-6500,0,0,0,0x2,0,0x0,0x0,1118,0.0,0.0,5,5,"Пірати Кривавого Вітрила",,,,,,,,"Пірати Кривавого Вітрила",,,,,,,,0xFF01FE,"Кровожерливі пірати, відомі кожному капітанові торговельного судна. Закляті вороги мешканців Піратської Бухти.",,,,,,,,"Кровожерливі пірати, відомі кожному капітанові торговельного судна. Закляті вороги мешканців Піратської Бухти.",,,,,,,,0xFF01FE,
88,-1,0,0,0x0,0x0,0,0,0x0,0x0,0,0,0,0,0x0,0,0x0,0x0,0,1.0,1.0,5,5,"Чорні глибини",,,,,,,,"Чорні глибини",,,,,,,,0xFF01FE,"",,,,,,,,"",,,,,,,,0xFF01FC,
89,-1,0,0,0x0,0x0,0,0,0x0,0x0,0,0,0,0,0x0,0,0x0,0x0,0,1.0,1.0,5,5,"Макрура",,,,,,,,"Макрура",,,,,,,,0xFF01FE,"",,,,,,,,"",,,,,,,,0xFF01FC,
90,-1,0,0,0x0,0x0,0,0,0x0,0x0,0,0,0,0,0x0,0,0x0,0x0,0,1.0,1.0,5,5,"Кентавр: Колкар",,,,,,,,"Кентавр: Колкар",,,,,,,,0xFF01FE,"",,,,,,,,"",,,,,,,,0xFF01FC,
91,-1,0,0,0x0,0x0,0,0,0x0,0x0,0,0,0,0,0x0,0,0x0,0x0,0,1.0,1.0,5,5,"Кентавр: Галак",,,,,,,,"Кентавр: Галак",,,,,,,,0xFF01FE,"",,,,,,,,"",,,,,,,,0xFF01FC,
92,2,1791,0,0x0,0x0,0,0,0x0,0x0,2000,0,0,0,0x2,0,0x0,0x0,1118,0.0,0.0,5,5,"Кентаври з племені Гелкис",,,,,,,,"Кентаври з племені Гелкис",,,,,,,,0xFF01FE,"Це плем'я кентаврів осіло в південній частині Пусток. Закляті вороги племені Маґрам.",,,,,,,,"Це плем'я кентаврів осіло в південній частині Пусток. Закляті вороги племені Маґрам.",,,,,,,,0xFF01FE,
93,3,1791,0,0x0,0x0,0,0,0x0,0x0,2000,0,0,0,0x2,0,0x0,0x0,1118,0.0,0.0,5,5,"Кентаври з племені Маграм",,,,,,,,"Кентаври з племені Маграм",,,,,,,,0xFF01FE,"Це плем'я кентаврів осіло в східній частині Пусток. Закляті вороги племені Гелкіс.",,,,,,,,"Це плем'я кентаврів осіло в східній частині Пусток. Закляті вороги племені Гелкіс.",,,,,,,,0xFF01FE,
94,-1,0,0,0x0,0x0,0,0,0x0,0x0,0,0,0,0,0x0,0,0x0,0x0,0,1.0,1.0,5,5,"Мародин",,,,,,,,"Мародин",,,,,,,,0xFF01FE,"",,,,,,,,"",,,,,,,,0xFF01FC,
108,-1,0,0,0x0,0x0,0,0,0x0,0x0,0,0,0,0,0x0,0,0x0,0x0,0,1.0,1.0,5,5,"Терамор",,,,,,,,"Терамор",,,,,,,,0xFF01FE,"",,,,,,,,"",,,,,,,,0xFF01FC,
109,-1,0,0,0x0,0x0,0,0,0x0,0x0,0,0,0,0,0x0,0,0x0,0x0,0,1.0,1.0,5,5,"Свинобраз: Голкошкури",,,,,,,,"Свинобраз: Голкошкури",,,,,,,,0xFF01FE,"",,,,,,,,"",,,,,,,,0xFF01FC,
110,-1,0,0,0x0,0x0,0,0,0x0,0x0,0,0,0,0,0x0,0,0x0,0x0,0,1.0,1.0,5,5,"Свинобраз: Голкогриві",,,,,,,,"Свинобраз: Голкогриві",,,,,,,,0xFF01FE,"",,,,,,,,"",,,,,,,,0xFF01FC,
111,-1,0,0,0x0,0x0,0,0,0x0,0x0,0,0,0,0,0x0,0,0x0,0x0,0,1.0,1.0,5,5,"Свинобраз: Мертва Голова",,,,,,,,"Свинобраз: Мертва Голова",,,,,,,,0xFF01FE,"",,,,,,,,"",,,,,,,,0xFF01FC,
128,-1,0,0,0x0,0x0,0,0,0x0,0x0,0,0,0,0,0x0,0,0x0,0x0,0,1.0,1.0,5,5,"Противник",,,,,,,,"Противник",,,,,,,,0xFF01FE,"",,,,,,,,"",,,,,,,,0xFF01FC,
148,-1,0,0,0x0,0x0,0,0,0x0,0x0,0,0,0,0,0x0,0,0x0,0x0,0,1.0,1.0,5,5,"Фауна",,,,,,,,"Фауна",,,,,,,,0xFF01FE,"",,,,,,,,"",,,,,,,,0xFF01FC,
168,-1,0,0,0x0,0x0,0,0,0x0,0x0,0,0,0,0,0x0,0,0x0,0x0,0,1.0,1.0,5,5,"Караван Вартових Порожнечі",,,,,,,,"Караван Вартових Порожнечі",,,,,,,,0xFF01FE,"",,,,,,,,"",,,,,,,,0xFF01FC,
169,10,1791,0,0x0,0x0,0,0,0x0,0x0,500,0,0,0,0xC,0,0x0,0x0,1118,0.0,0.0,5,5,"Картель Хитра Шестерня",,,,,,,,"Картель Хитра Шестерня",,,,,,,,0xFF01FE,"",,,,,,,,"",,,,,,,,0xFF01FC,
189,-1,0,0,0x0,0x0,0,0,0x0,0x0,0,0,0,0,0x0,0,0x0,0x0,0,1.0,1.0,5,5,"Альянс: стандартный",,,,,,,,"Альянс: стандартный",,,,,,,,0xFF01FE,"",,,,,,,,"",,,,,,,,0xFF01FC,
209,-1,0,0,0x0,0x0,0,0,0x0,0x0,0,0,0,0,0x0,0,0x0,0x0,0,1.0,1.0,5,5,"Фортеця Вартових Порожнечі",,,,,,,,"Фортеця Вартових Порожнечі",,,,,,,,0xFF01FE,"",,,,,,,,"",,,,,,,,0xFF01FC,
229,-1,0,0,0x0,0x0,0,0,0x0,0x0,0,0,0,0,0x0,0,0x0,0x0,0,1.0,1.0,5,5,"Печери Плачу",,,,,,,,"Печери Плачу",,,,,,,,0xFF01FE,"",,,,,,,,"",,,,,,,,0xFF01FC,
249,-1,0,0,0x0,0x0,0,0,0x0,0x0,0,0,0,0,0x0,0,0x0,0x0,0,1.0,1.0,5,5,"Силітиди",,,,,,,,"Силітиди",,,,,,,,0xFF01FE,"",,,,,,,,"",,,,,,,,0xFF01FC,
269,-1,0,0,0x0,0x0,0,0,0x0,0x0,0,0,0,0,0x0,0,0x0,0x0,0,1.0,1.0,5,5,"Діти Срібномісяця",,,,,,,,"Діти Срібномісяця",,,,,,,,0xFF01FE,"",,,,,,,,"",,,,,,,,0xFF01FC,
270,51,1791,0,0x0,0x0,0,0,0x0,0x0,0,0,0,0,0x10,0,0x0,0x0,1118,0.0,0.0,5,5,"Плем'я Зандалар",,,,,,,,"Плем'я Зандалар",,,,,,,,0xFF01FE,"Ці тролі прибули на острів Йоджамба в пошуках допомоги в боротьбі з воскреслим Кривавим Богом та його послідовниками в Зул'Ґурубі.",,,,,,,,"Ці тролі прибули на острів Йоджамба в пошуках допомоги в боротьбі з воскреслим Кривавим Богом та його послідовниками в Зул'Ґурубі.",,,,,,,,0xFF01FE,
289,30,1791,0,0x0,0x0,0,0,0x0,0x0,0,0,0,0,0x4,0,0x0,0x0,0,1.0,1.0,5,5,"Ковальська справа: ковка зброї",,,,,,,,"Ковальська справа: ковка зброї",,,,,,,,0xFF01FE,"",,,,,,,,"",,,,,,,,0xFF01FC,
309,-1,0,0,0x0,0x0,0,0,0x0,0x0,0,0,0,0,0x0,0,0x0,0x0,0,1.0,1.0,5,5,"Скорпід",,,,,,,,"Скорпід",,,,,,,,0xFF01FE,"",,,,,,,,"",,,,,,,,0xFF01FC,
310,-1,0,0,0x0,0x0,0,0,0x0,0x0,0,0,0,0,0x0,0,0x0,0x0,0,1.0,1.0,5,5,"Звір: летюча миша",,,,,,,,"Звір: летюча миша",,,,,,,,0xFF01FE,"",,,,,,,,"",,,,,,,,0xFF01FC,
311,-1,0,0,0x0,0x0,0,0,0x0,0x0,0,0,0,0,0x0,0,0x0,0x0,0,1.0,1.0,5,5,"Титан",,,,,,,,"Титан",,,,,,,,0xFF01FE,"",,,,,,,,"",,,,,,,,0xFF01FC,
329,-1,0,0,0x0,0x0,0,0,0x0,0x0,0,0,0,0,0x0,0,0x0,0x0,0,1.0,1.0,5,5,"Надсмотрщик Физзул",,,,,,,,"Надсмотрщик Физзул",,,,,,,,0xFF01FE,"",,,,,,,,"",,,,,,,,0xFF01FC,
349,5,1791,0,0x0,0x0,0,0,0x0,0x0,0,0,0,0,0x0,0,0x0,0x0,1118,0.0,0.0,5,5,"Чорний Ворон",,,,,,,,"Чорний Ворон",,,,,,,,0xFF01FE,"До цієї гільдії злодіїв і вбивць приймають лише справжніх майстрів своєї справи. Закляті вороги Синдикату.",,,,,,,,"До цієї гільдії злодіїв і вбивць приймають лише справжніх майстрів своєї справи. Закляті вороги Синдикату.",,,,,,,,0xFF01FE,
369,7,1791,0,0x0,0x0,0,0,0x0,0x0,500,0,0,0,0x40,0,0x0,0x0,169,1.0,0.5,7,5,"Ґаджетзан",,,,,,,,"Ґаджетзан",,,,,,,,0xFF01FE,"Столиця картеля Хитра Шестерня, населена кращими інженерами, алхіміками і продавцями народу гоблінів.",,,,,,,,"Столиця картеля Хитра Шестерня, населена кращими інженерами, алхіміками і продавцями народу гоблінів.",,,,,,,,0xFF01FE,
389,-1,0,0,0x0,0x0,0,0,0x0,0x0,0,0,0,0,0x0,0,0x0,0x0,0,1.0,1.0,5,5,"Гномреганський жук",,,,,,,,"Гномреганський жук",,,,,,,,0xFF01FE,"",,,,,,,,"",,,,,,,,0xFF01FC,
409,-1,0,0,0x0,0x0,0,0,0x0,0x0,0,0,0,0,0x0,0,0x0,0x0,0,1.0,1.0,5,5,"Гарпія",,,,,,,,"Гарпія",,,,,,,,0xFF01FE,"",,,,,,,,"",,,,,,,,0xFF01FC,
429,-1,0,0,0x0,0x0,0,0,0x0,0x0,0,0,0,0,0x0,0,0x0,0x0,0,1.0,1.0,5,5,"Палаючий Клинок",,,,,,,,"Палаючий Клинок",,,,,,,,0xFF01FE,"",,,,,,,,"",,,,,,,,0xFF01FC,
449,-1,0,0,0x0,0x0,0,0,0x0,0x0,0,0,0,0,0x0,0,0x0,0x0,0,1.0,1.0,5,5,"Браконьер тінешовку",,,,,,,,"Браконьер тінешовку",,,,,,,,0xFF01FE,"",,,,,,,,"",,,,,,,,0xFF01FC,
450,-1,0,0,0x0,0x0,0,0,0x0,0x0,0,0,0,0,0x0,0,0x0,0x0,0,1.0,1.0,5,5,"Лавовий павук",,,,,,,,"Лавовий павук",,,,,,,,0xFF01FE,"",,,,,,,,"",,,,,,,,0xFF01FC,
469,11,1101,690,0x0,0x0,0,0,0x0,0x0,3300,-42000,0,0,0x19,14,0x0,0x0,1118,0.0,0.0,5,5,"Альянс",,,,,,,,"Альянс",,,,,,,,0xFF01FE,"",,,,,,,,"",,,,,,,,0xFF01FC,
470,9,1791,0,0x0,0x0,0,0,0x0,0x0,500,0,0,0,0x40,0,0x0,0x0,169,1.0,0.5,7,5,"Кабестан",,,,,,,,"Кабестан",,,,,,,,0xFF01FE,"Це гоблінське місто входить до картелю Хитрої Шестерні й уже багато років надає прихисток торговцям Степів.",,,,,,,,"Це гоблінське місто входить до картелю Хитрої Шестерні й уже багато років надає прихисток торговцям Степів.",,,,,,,,0xFF01FE,
471,8,1097,690,0x4,0x0,0,0,0x0,0x0,150,-42000,500,0,0x14,22,0x4,0x0,0,1.0,1.0,5,5,"Дикий Молот",,,,,,,,"Дикий Молот",,,,,,,,0xFF01FE,"Дворфи Захмарного Піку не входять до Альянсу, але завжди допомагають його членам і воюють проти Орди.",,,,,,,,"Дворфи Захмарного Піку не входять до Альянсу, але завжди допомагають його членам і воюють проти Орди.",,,,,,,,0xFF01FE,
489,-1,0,0,0x0,0x0,0,0,0x0,0x0,0,0,0,0,0x0,0,0x0,0x0,0,1.0,1.0,5,5,"Гоблін: завсідник бару Чорного Заліза",,,,,,,,"Гоблін: завсідник бару Чорного Заліза",,,,,,,,0xFF01FE,"",,,,,,,,"",,,,,,,,0xFF01FC,
509,53,1101,690,0x0,0x0,0,0,0x0,0x0,0,-42000,0,0,0x10,2,0x0,0x0,891,0.0,0.0,5,5,"Ліга Аратору",,,,,,,,"Ліга Аратору",,,,,,,,0xFF01FE,"Мета Ліги Аратора – повернути Низину Араті її законним володарям зі Штормграду.",,,,,,,,"Мета Ліги Аратора – повернути Низину Араті її законним володарям зі Штормграду.",,,,,,,,0xFF01FE,
510,52,690,1101,0x0,0x0,0,0,0x0,0x0,0,-42000,0,0,0x10,2,0x0,0x0,892,0.0,0.0,5,5,"Осквернителі",,,,,,,,"Осквернителі",,,,,,,,0xFF01FE,"Осквернителі ведуть боротьбу за те, щоб багатства Низини Араті дісталися Орді.",,,,,,,,"Осквернителі ведуть боротьбу за те, щоб багатства Низини Араті дісталися Орді.",,,,,,,,0xFF01FE,
511,-1,0,0,0x0,0x0,0,0,0x0,0x0,0,0,0,0,0x0,0,0x0,0x0,0,1.0,1.0,5,5,"Велетень",,,,,,,,"Велетень",,,,,,,,0xFF01FE,"",,,,,,,,"",,,,,,,,0xFF01FC,
529,13,1791,0,0x0,0x0,0,0,0x0,0x0,200,0,0,0,0x0,0,0x0,0x0,1118,0.0,0.0,5,5,"Срібний Світанок",,,,,,,,"Срібний Світанок",,,,,,,,0xFF01FE,"Організація, створена для захисту Азероту від Бича. Фортеці Срібного Світанку можна знайти в Західних і Східних Чумних землях.",,,,,,,,"Організація, створена для захисту Азероту від Бича. Фортеці Срібного Світанку можна знайти в Західних і Східних Чумних землях.",,,,,,,,0xFF01FE,
530,15,34,1101,0x210,0x80,0,0,0x0,0x0,3100,-42000,500,4000,0x111,6,0x11,0x11,67,1.0,0.25,7,5,"Тролі Чорного Спису",,,,,,,,"Тролі Чорного Спису",,,,,,,,0xFF01FE,"Тролі-вигнанці, які приєдналися до Тралла й стали на бік Орди. Тепер вони вважають Дуротар своєю домівкою.",,,,,,,,"Тролі-вигнанці, які приєдналися до Тралла й стали на бік Орди. Тепер вони вважають Дуротар своєю домівкою.",,,,,,,,0xFF01FE,
531,-1,0,0,0x0,0x0,0,0,0x0,0x0,0,0,0,0,0x0,0,0x0,0x0,0,1.0,1.0,5,5,"Бронзові дракони",,,,,,,,"Бронзові дракони",,,,,,,,0xFF01FE,"",,,,,,,,"",,,,,,,,0xFF01FC,
532,-1,0,0,0x0,0x0,0,0,0x0,0x0,0,0,0,0,0x0,0,0x0,0x0,0,1.0,1.0,5,5,"Сині дракони",,,,,,,,"Сині дракони",,,,,,,,0xFF01FE,"",,,,,,,,"",,,,,,,,0xFF01FC,
549,24,1791,0,0x0,0x0,0,0,0x0,0x0,2999,0,0,0,0x4,0,0x0,0x0,0,1.0,1.0,5,5,"Шкіряна справа: традиції предків",,,,,,,,"Шкіряна справа: традиції предків",,,,,,,,0xFF01FE,"",,,,,,,,"",,,,,,,,0xFF01FC,
550,26,1791,0,0x0,0x0,0,0,0x0,0x0,2999,0,0,0,0x4,0,0x0,0x0,0,1.0,1.0,5,5,"Інженерна справа: школа гоблінів",,,,,,,,"Інженерна справа: школа гоблінів",,,,,,,,0xFF01FE,"",,,,,,,,"",,,,,,,,0xFF01FC,
551,25,1791,0,0x0,0x0,0,0,0x0,0x0,2999,0,0,0,0x4,0,0x0,0x0,0,1.0,1.0,5,5,"Інженерна справа: школа гномів",,,,,,,,"Інженерна справа: школа гномів",,,,,,,,0xFF01FE,"",,,,,,,,"",,,,,,,,0xFF01FC,
569,33,1791,0,0x0,0x0,0,0,0x0,0x0,0,0,0,0,0x4,0,0x0,0x0,0,1.0,1.0,5,5,"Ковальська справа: ковка молотів",,,,,,,,"Ковальська справа: ковка молотів",,,,,,,,0xFF01FE,"",,,,,,,,"",,,,,,,,0xFF01FC,
570,31,1791,0,0x0,0x0,0,0,0x0,0x0,0,0,0,0,0x4,0,0x0,0x0,0,1.0,1.0,5,5,"Ковальська справа: ковка сокир",,,,,,,,"Ковальська справа: ковка сокир",,,,,,,,0xFF01FE,"",,,,,,,,"",,,,,,,,0xFF01FC,
571,32,1791,0,0x0,0x0,0,0,0x0,0x0,0,0,0,0,0x4,0,0x0,0x0,0,1.0,1.0,5,5,"Ковальська справа: ковка мечів",,,,,,,,"Ковальська справа: ковка мечів",,,,,,,,0xFF01FE,"",,,,,,,,"",,,,,,,,0xFF01FC,
572,-1,0,0,0x0,0x0,0,0,0x0,0x0,0,0,0,0,0x0,0,0x0,0x0,0,1.0,1.0,5,5,"Троль: Порочна Гілка",,,,,,,,"Троль: Порочна Гілка",,,,,,,,0xFF01FE,"",,,,,,,,"",,,,,,,,0xFF01FC,
573,-1,0,0,0x0,0x0,0,0,0x0,0x0,0,0,0,0,0x0,0,0x0,0x0,0,1.0,1.0,5,5,"флібустьєри Південних морів",,,,,,,,"флібустьєри Південних морів",,,,,,,,0xFF01FE,"",,,,,,,,"",,,,,,,,0xFF01FC,
574,34,1791,0,0x0,0x0,0,0,0x0,0x0,0,0,0,0,0x4,0,0x0,0x0,0,1.0,1.0,5,5,"Каєр Дарроу",,,,,,,,"Каєр Дарроу",,,,,,,,0xFF01FE,"",,,,,,,,"",,,,,,,,0xFF01FC,
575,-1,0,0,0x0,0x0,0,0,0x0,0x0,0,0,0,0,0x0,0,0x0,0x0,0,1.0,1.0,5,5,"Фурболг, Неиспорченный",,,,,,,,"Фурболг, Неиспорченный",,,,,,,,0xFF01FE,"",,,,,,,,"",,,,,,,,0xFF01FC,
576,35,1791,0,0x0,0x0,0,0,0x0,0x0,-3500,0,0,0,0x2,0,0x0,0x0,1118,0.0,0.0,5,5,"Древобрюхи",,,,,,,,"Древобрюхи",,,,,,,,0xFF01FE,"Древобрюхи – єдине плем'я фурболгів, яке зуміло уникнути Порчі. Представники цього племені бережуть традиції свого народу й прагнуть припинити страждання своїх братів.",,,,,,,,"Древобрюхи – єдине плем'я фурболгів, яке зуміло уникнути Порчі. Представники цього племені бережуть традиції свого народу й прагнуть припинити страждання своїх братів.",,,,,,,,0xFF01FE,
577,28,1791,0,0x0,0x0,0,0,0x0,0x0,500,0,0,0,0x40,0,0x0,0x0,169,1.0,0.5,7,5,"Вічнозір",,,,,,,,"Вічнозір",,,,,,,,0xFF01FE,"Торговий пост картелю Хитра Шестерня, розташований на перехресті основних торгових шляхів Зимових Джерел.",,,,,,,,"Торговий пост картелю Хитра Шестерня, розташований на перехресті основних торгових шляхів Зимових Джерел.",,,,,,,,0xFF01FE,
589,27,690,1101,0x0,0x0,0,0,0x0,0x0,-42000,0,0,0,0x6,0,0x0,0x0,0,1.0,1.0,5,5,"Приборкувачі льодопардів",,,,,,,,"Приборкувачі льодопардів",,,,,,,,0xFF01FE,"Малочисленна і замкнута спільнота нічних ельфів, яка займається розведенням і дресеруванням льодопардів в Зимових Джерелах.",,,,,,,,"Малочисленна і замкнута спільнота нічних ельфів, яка займається розведенням і дресеруванням льодопардів в Зимових Джерелах.",,,,,,,,0xFF01FE,
609,36,1791,40,0x0,0x0,511,1024,0x0,0x0,0,2000,0,0,0x0,0,0x0,0x0,1118,0.0,0.0,5,5,"Коло Кенарія",,,,,,,,"Коло Кенарія",,,,,,,,0xFF01FE,"Друїди Кола Кенарія, які стоять на варті природи, обрали своїм домом Місячну Галявину.",,,,,,,,"Друїди Кола Кенарія, які стоять на варті природи, обрали своїм домом Місячну Галявину.",,,,,,,,0xFF01FE,
629,-1,0,0,0x0,0x0,0,0,0x0,0x0,0,0,0,0,0x0,0,0x0,0x0,0,1.0,1.0,5,5,"Тролі з племені Пронзуючого Спису",,,,,,,,"Тролі з племені Пронизуючого Спису",,,,,,,,0xFF01FE,"",,,,,,,,"",,,,,,,,0xFF01FC,
630,-1,0,0,0x0,0x0,0,0,0x0,0x0,0,0,0,0,0x0,0,0x0,0x0,0,1.0,1.0,5,5,"Дресирувальники равазаврів",,,,,,,,"Дресирувальники равазаврів",,,,,,,,0xFF01FE,"",,,,,,,,"",,,,,,,,0xFF01FC,
649,-1,0,0,0x0,0x0,0,0,0x0,0x0,0,0,0,0,0x0,0,0x0,0x0,0,1.0,1.0,5,5,"Мажордом Экзекутус",,,,,,,,"Мажордом Экзекутус",,,,,,,,0xFF01FE,"",,,,,,,,"",,,,,,,,0xFF01FC,
669,-1,0,0,0x0,0x0,0,0,0x0,0x0,0,0,0,0,0x0,0,0x0,0x0,0,1.0,1.0,5,5,"Звір: стерв'ятник",,,,,,,,"Звір: стерв'ятник",,,,,,,,0xFF01FE,"",,,,,,,,"",,,,,,,,0xFF01FC,
670,-1,0,0,0x0,0x0,0,0,0x0,0x0,0,0,0,0,0x0,0,0x0,0x0,0,1.0,1.0,5,5,"Звір: кішка",,,,,,,,"Звір: кішка",,,,,,,,0xFF01FE,"",,,,,,,,"",,,,,,,,0xFF01FC,
671,-1,0,0,0x0,0x0,0,0,0x0,0x0,0,0,0,0,0x0,0,0x0,0x0,0,1.0,1.0,5,5,"Звір: краб",,,,,,,,"Звір: краб",,,,,,,,0xFF01FE,"",,,,,,,,"",,,,,,,,0xFF01FC,
672,-1,0,0,0x0,0x0,0,0,0x0,0x0,0,0,0,0,0x0,0,0x0,0x0,0,1.0,1.0,5,5,"Звір: кроколіск",,,,,,,,"Звір: кроколіск",,,,,,,,0xFF01FE,"",,,,,,,,"",,,,,,,,0xFF01FC,
673,-1,0,0,0x0,0x0,0,0,0x0,0x0,0,0,0,0,0x0,0,0x0,0x0,0,1.0,1.0,5,5,"Звір: гієна",,,,,,,,"Звір: гієна",,,,,,,,0xFF01FE,"",,,,,,,,"",,,,,,,,0xFF01FC,
674,-1,0,0,0x0,0x0,0,0,0x0,0x0,0,0,0,0,0x0,0,0x0,0x0,0,1.0,1.0,5,5,"Звір: сова",,,,,,,,"Звір: сова",,,,,,,,0xFF01FE,"",,,,,,,,"",,,,,,,,0xFF01FC,
675,-1,0,0,0x0,0x0,0,0,0x0,0x0,0,0,0,0,0x0,0,0x0,0x0,0,1.0,1.0,5,5,"Звір: скорпид",,,,,,,,"Звір: скорпид",,,,,,,,0xFF01FE,"",,,,,,,,"",,,,,,,,0xFF01FC,
676,-1,0,0,0x0,0x0,0,0,0x0,0x0,0,0,0,0,0x0,0,0x0,0x0,0,1.0,1.0,5,5,"Звір: долгоног",,,,,,,,"Звір: долгоног",,,,,,,,0xFF01FE,"",,,,,,,,"",,,,,,,,0xFF01FC,
677,-1,0,0,0x0,0x0,0,0,0x0,0x0,0,0,0,0,0x0,0,0x0,0x0,0,1.0,1.0,5,5,"Звір: черепаха",,,,,,,,"Звір: черепаха",,,,,,,,0xFF01FE,"",,,,,,,,"",,,,,,,,0xFF01FC,
678,-1,0,0,0x0,0x0,0,0,0x0,0x0,0,0,0,0,0x0,0,0x0,0x0,0,1.0,1.0,5,5,"Звір: крилатий змій",,,,,,,,"Звір: крилатий змій",,,,,,,,0xFF01FE,"",,,,,,,,"",,,,,,,,0xFF01FC,
679,-1,0,0,0x0,0x0,0,0,0x0,0x0,0,0,0,0,0x0,0,0x0,0x0,0,1.0,1.0,5,5,"Тренувальний манекен",,,,,,,,"Тренувальний манекен",,,,,,,,0xFF01FE,"",,,,,,,,"",,,,,,,,0xFF01FC,
689,-1,0,0,0x0,0x0,0,0,0x0,0x0,0,0,0,0,0x0,0,0x0,0x0,0,1.0,1.0,5,5,"Чорні дракони: наживка",,,,,,,,"Чорні дракони: наживка",,,,,,,,0xFF01FE,"",,,,,,,,"",,,,,,,,0xFF01FC,
709,-1,0,0,0x0,0x0,0,0,0x0,0x0,0,0,0,0,0x0,0,0x0,0x0,0,1.0,1.0,5,5,"Поле бою: нейтральне",,,,,,,,"Поле бою: нейтральне",,,,,,,,0xFF01FE,"",,,,,,,,"",,,,,,,,0xFF01FC,
729,41,690,1101,0x0,0x0,0,0,0x0,0x0,0,-42000,0,0,0x10,2,0x0,0x0,892,0.0,0.0,5,5,"Клан Морозного Вовка",,,,,,,,"Клан Морозного Вовка",,,,,,,,0xFF01FE,"Клан Морозного Вовка прагне витіснити Вартових Грозової Вершини з Альтеракської долини.",,,,,,,,"Клан Морозного Вовка прагне витіснити Вартових Грозової Вершини з Альтеракської долини.",,,,,,,,0xFF01FE,
730,40,1101,690,0x0,0x0,0,0,0x0,0x0,0,-42000,0,0,0x10,2,0x0,0x0,891,0.0,0.0,5,5,"Охоронці Грозової Вершини",,,,,,,,"Охоронці Грозової Вершини",,,,,,,,0xFF01FE,"Загін дворфів Грозової Вершини, вимушений облаштуватися в Альтеракській долині через орків клану Морозного Вовка.",,,,,,,,"Загін дворфів Грозової Вершини, вимушений облаштуватися в Альтеракській долині через орків клану Морозного Вовка.",,,,,,,,0xFF01FE,
749,42,1791,0,0x0,0x0,0,0,0x0,0x0,0,0,0,0,0x0,0,0x0,0x0,1118,1.0,1.0,5,5,"Гідраксіанські Повелителі Вод",,,,,,,,"Гідраксіанські Повелителі Вод",,,,,,,,0xFF01FE,"Ці елементалі води облаштувалися на островах на схід від Азшари. Закляті вороги Рагнароса.",,,,,,,,"Ці елементалі води облаштувалися на островах на схід від Азшари. Закляті вороги Рагнароса.",,,,,,,,0xFF01FE,
750,-1,0,0,0x0,0x0,0,0,0x0,0x0,0,0,0,0,0x0,0,0x0,0x0,0,1.0,1.0,5,5,"Сульфуронські Повелителі Вогню",,,,,,,,"Сульфуронські Повелителі Вогню",,,,,,,,0xFF01FE,"",,,,,,,,"",,,,,,,,0xFF01FC,
769,-1,0,0,0x0,0x0,0,0,0x0,0x0,0,0,0,0,0x0,0,0x0,0x0,0,1.0,1.0,5,5,"Манекен-мишень Гізлока",,,,,,,,"Манекен-мишень Гізлока",,,,,,,,0xFF01FE,"",,,,,,,,"",,,,,,,,0xFF01FC,
770,-1,0,0,0x0,0x0,0,0,0x0,0x0,0,0,0,0,0x0,0,0x0,0x0,0,1.0,1.0,5,5,"Оберег Гізлока",,,,,,,,"Оберег Гізлока",,,,,,,,0xFF01FE,"",,,,,,,,"",,,,,,,,0xFF01FC,
771,-1,0,0,0x0,0x0,0,0,0x0,0x0,0,0,0,0,0x0,0,0x0,0x0,0,1.0,1.0,5,5,"Гізлок",,,,,,,,"Гізлок",,,,,,,,0xFF01FE,"",,,,,,,,"",,,,,,,,0xFF01FC,
789,-1,0,0,0x0,0x0,0,0,0x0,0x0,0,0,0,0,0x0,0,0x0,0x0,0,1.0,1.0,5,5,"Моро'гай",,,,,,,,"Моро'гай",,,,,,,,0xFF01FE,"",,,,,,,,"",,,,,,,,0xFF01FC,
790,-1,0,0,0x0,0x0,0,0,0x0,0x0,0,0,0,0,0x0,0,0x0,0x0,0,1.0,1.0,5,5,"Хранитель душ Альянсу",,,,,,,,"Хранитель душ Альянсу",,,,,,,,0xFF01FE,"",,,,,,,,"",,,,,,,,0xFF01FC,
809,44,1791,0,0x0,0x0,0,0,0x0,0x0,0,0,0,0,0x10,0,0x0,0x0,1118,0.0,0.0,5,5,"Шен'дралар",,,,,,,,"Шен'дралар",,,,,,,,0xFF01FE,"Останні ельфи Забутого міста втратили колишню могутність, але й досі зберігають знання про давні таємниці.",,,,,,,,"Останні ельфи Забутого міста втратили колишню могутність, але й досі зберігають знання про давні таємниці.",,,,,,,,0xFF01FE,
829,-1,0,0,0x0,0x0,0,0,0x0,0x0,0,0,0,0,0x0,0,0x0,0x0,0,1.0,1.0,5,5,"Огр: Капітан Давигром",,,,,,,,"Огр: Капітан Давигром",,,,,,,,0xFF01FE,"",,,,,,,,"",,,,,,,,0xFF01FC,
849,-1,0,0,0x0,0x0,0,0,0x0,0x0,0,0,0,0,0x0,0,0x0,0x0,0,1.0,1.0,5,5,"Хранитель душ Орди",,,,,,,,"Хранитель душ Орди",,,,,,,,0xFF01FE,"",,,,,,,,"",,,,,,,,0xFF01FC,
869,-1,0,0,0x0,0x0,0,0,0x0,0x0,0,0,0,0,0x0,0,0x0,0x0,0,1.0,1.0,5,5,"Джеденар",,,,,,,,"Джеденар",,,,,,,,0xFF01FE,"",,,,,,,,"",,,,,,,,0xFF01FC,
889,46,690,1101,0x0,0x0,0,0,0x0,0x0,0,-42000,0,0,0x10,6,0x0,0x0,892,0.0,0.0,7,7,"Вершники Пісні Війни",,,,,,,,"Вершники Пісні Війни",,,,,,,,0xFF01FE,"Грізні орки з клану Пісні Війни, що схопилися з Срібнокрилими Вартовими в боях за контроль над Ущелиною Пісні Війни.",,,,,,,,"Грізні орки з клану Пісні Війни, що схопилися з Срібнокрилими Вартовими в боях за контроль над Ущелиною Пісні Війни.",,,,,,,,0xFF01FE,
890,45,1101,690,0x0,0x0,0,0,0x0,0x0,0,-42000,0,0,0x10,6,0x0,0x0,891,0.0,0.0,7,7,"Срібнокрилі Вартові",,,,,,,,"Срібнокрилі Вартові",,,,,,,,0xFF01FE,"Доблесні захисники Ясеневого лісу, що борються з Вершником Пісні Війни за панування в Ущелині Пісні Війни.",,,,,,,,"Доблесні захисники Ясеневого лісу, що борються з Вершником Пісні Війни за панування в Ущелині Пісні Війни.",,,,,,,,0xFF01FE,
891,47,1101,178,0x0,0x0,0,0,0x0,0x0,0,-42000,0,0,0x18,14,0x0,0x0,1118,0.0,0.0,5,5,"Сили Альянсу",,,,,,,,"Сили Альянсу",,,,,,,,0xFF01FE,"",,,,,,,,"",,,,,,,,0xFF01FC,
892,48,690,77,0x0,0x0,0,0,0x0,0x0,0,-42000,0,0,0x18,14,0x0,0x0,1118,0.0,0.0,5,5,"Сили Орди",,,,,,,,"Сили Орди",,,,,,,,0xFF01FE,"",,,,,,,,"",,,,,,,,0xFF01FC,
893,-1,0,0,0x0,0x0,0,0,0x0,0x0,0,0,0,0,0x0,0,0x0,0x0,0,1.0,1.0,5,5,"Тролли Зламаного Ікла",,,,,,,,"Тролли Зламаного Ікла",,,,,,,,0xFF01FE,"",,,,,,,,"",,,,,,,,0xFF01FC,
909,50,1791,0,0x0,0x0,0,0,0x0,0x0,0,0,0,0,0x10,0,0x0,0x0,1118,0.0,0.0,5,5,"Ярмарок Темного Місяця",,,,,,,,"Ярмарок Темного Місяця",,,,,,,,0xFF01FE,"Бродяча ярмарка, на якій можна знайти багато дивного і незвичного. Часто зупиняється в Елвіннському лісі, Мулгорі і Тероккарському лісі.",,,,,,,,"Бродяча ярмарка, на якій можна знайти багато дивного і незвичного. Часто зупиняється в Елвіннському лісі, Мулгорі і Тероккарському лісі.",,,,,,,,0xFF01FE,
910,54,1791,0,0x0,0x0,0,0,0x0,0x0,-42000,0,0,0,0x0,0,0x0,0x0,1118,0.0,0.0,5,5,"Рід Ноздорму",,,,,,,,"Рід Ноздорму",,,,,,,,0xFF01FE,"Ці потомки бронзових драконів охороняють сам Час і не надто цікавляться справами смертних.",,,,,,,,"Ці потомки бронзових драконів охороняють сам Час і не надто цікавляться справами смертних.",,,,,,,,0xFF01FE,
911,55,162,1101,0x200,0x10,0,0,0x0,0x0,400,-42000,4000,3100,0x111,6,0x11,0x11,67,1.0,0.25,7,5,"Срібномісяць",,,,,,,,"Срібномісяць",,,,,,,,0xFF01FE,"Столиця Кель'Таласа і батьківщина ельфів крові. Місто було знищене Артасом під час його нападу на Сонячний Колодязь, але відтоді його було відновлено.",,,,,,,,"Столиця Кель'Таласа і батьківщина ельфів крові. Місто було знищене Артасом під час його нападу на Сонячний Колодязь, але відтоді його було відновлено.",,,,,,,,0xFF01FE,
912,-1,0,0,0x0,0x0,0,0,0x0,0x0,0,0,0,0,0x0,0,0x0,0x0,0,1.0,1.0,5,5,"Армія Калімдору",,,,,,,,"Армія Калімдору",,,,,,,,0xFF01FE,"",,,,,,,,"",,,,,,,,0xFF01FC,
914,-1,0,0,0x0,0x0,0,0,0x0,0x0,0,0,0,0,0x0,0,0x0,0x0,0,1.0,1.0,5,5,"ГРАВЕЦЬ: ельф крові",,,,,,,,"ГРАВЕЦЬ: ельф крові",,,,,,,,0xFF01FE,"",,,,,,,,"",,,,,,,,0xFF01FC,
915,-1,0,0,0x0,0x0,0,0,0x0,0x0,0,0,0,0,0x0,0,0x0,0x0,0,1.0,1.0,5,5,"Армии До'Туна",,,,,,,,"Армии До'Туна",,,,,,,,0xFF01FE,"",,,,,,,,"",,,,,,,,0xFF01FC,
916,-1,0,0,0x0,0x0,0,0,0x0,0x0,0,0,0,0,0x0,0,0x0,0x0,0,1.0,1.0,5,5,"Силитиды: захватчики",,,,,,,,"Силитиды: захватчики",,,,,,,,0xFF01FE,"",,,,,,,,"",,,,,,,,0xFF01FC,
917,-1,0,0,0x0,0x0,0,0,0x0,0x0,0,0,0,0,0x0,0,0x0,0x0,0,1.0,1.0,5,5,"Дружина Стальгорну",,,,,,,,"Дружина Стальгорну",,,,,,,,0xFF01FE,"",,,,,,,,"",,,,,,,,0xFF01FC,
918,-1,0,0,0x0,0x0,0,0,0x0,0x0,0,0,0,0,0x0,0,0x0,0x0,0,1.0,1.0,5,5,"ДУ противники",,,,,,,,"ДУ противники",,,,,,,,0xFF01FE,"",,,,,,,,"",,,,,,,,0xFF01FC,
919,-1,0,0,0x0,0x0,0,0,0x0,0x0,0,0,0,0,0x0,0,0x0,0x0,0,1.0,1.0,5,5,"ДУ объекты",,,,,,,,"ДУ объекты",,,,,,,,0xFF01FE,"",,,,,,,,"",,,,,,,,0xFF01FC,
920,-1,0,0,0x0,0x0,0,0,0x0,0x0,0,0,0,0,0x0,0,0x0,0x0,0,1.0,1.0,5,5,"Червоні",,,,,,,,"Червоні",,,,,,,,0xFF01FE,"",,,,,,,,"",,,,,,,,0xFF01FC,
921,-1,0,0,0x0,0x0,0,0,0x0,0x0,0,0,0,0,0x0,0,0x0,0x0,0,1.0,1.0,5,5,"Сині",,,,,,,,"Сині",,,,,,,,0xFF01FE,"",,,,,,,,"",,,,,,,,0xFF01FC,
922,56,690,1101,0x0,0x0,0,0,0x0,0x0,0,-42000,0,0,0x10,6,0x0,0x0,1118,0.0,0.0,5,5,"Транквілліон",,,,,,,,"Транквілліон",,,,,,,,0xFF01FE,"Це місто вищих ельфів було покинуте незабаром після нападу Бича на Кель'Талас. Зараз в ньому живуть Відречні і ельфи крові, що прагнуть звільнити Примарні Землі.",,,,,,,,"Це місто вищих ельфів було покинуте незабаром після нападу Бича на Кель'Талас. Зараз в ньому живуть Відречні і ельфи крові, що прагнуть звільнити Примарні Землі.",,,,,,,,0xFF01FE,
923,-1,0,0,0x0,0x0,0,0,0x0,0x0,0,0,0,0,0x0,0,0x0,0x0,0,1.0,1.0,5,5,"Мандрівники",,,,,,,,"Мандрівники",,,,,,,,0xFF01FE,"",,,,,,,,"",,,,,,,,0xFF01FC,
924,-1,0,0,0x0,0x0,0,0,0x0,0x0,0,0,0,0,0x0,0,0x0,0x0,0,1.0,1.0,5,5,"ВИКЛЮЧЕНО",,,,,,,,"ВИКЛЮЧЕНО",,,,,,,,0xFF01FE,"",,,,,,,,"",,,,,,,,0xFF01FC,
925,-1,0,0,0x0,0x0,0,0,0x0,0x0,0,0,0,0,0x0,0,0x0,0x0,0,1.0,1.0,5,5,"Солнечные скитальцы",,,,,,,,"Солнечные скитальцы",,,,,,,,0xFF01FE,"",,,,,,,,"",,,,,,,,0xFF01FC,
926,-1,0,0,0x0,0x0,0,0,0x0,0x0,0,0,0,0,0x0,0,0x0,0x0,0,1.0,1.0,5,5,"Гільдія Магістра",,,,,,,,"Гільдія Магістра",,,,,,,,0xFF01FE,"",,,,,,,,"",,,,,,,,0xFF01FC,
927,-1,0,0,0x0,0x0,0,0,0x0,0x0,0,0,0,0,0x0,0,0x0,0x0,0,1.0,1.0,5,5,"ГРАВЕЦЬ: дреней",,,,,,,,"ГРАВЕЦЬ: дреней",,,,,,,,0xFF01FE,"",,,,,,,,"",,,,,,,,0xFF01FC,
928,-1,0,0,0x0,0x0,0,0,0x0,0x0,0,0,0,0,0x0,0,0x0,0x0,0,1.0,1.0,5,5,"Загарбники Бича",,,,,,,,"Загарбники Бича",,,,,,,,0xFF01FE,"",,,,,,,,"",,,,,,,,0xFF01FC,
929,-1,0,0,0x0,0x0,0,0,0x0,0x0,0,0,0,0,0x0,0,0x0,0x0,469,0.0,0.0,3,3,"Клан Кривавого Молота",,,,,,,,"Клан Кривавого Молота",,,,,,,,0xFF01FE,"",,,,,,,,"",,,,,,,,0xFF01FC,
930,49,77,946,0x400,0x0,0,0,0x0,0x0,3000,-42000,4000,0,0x111,6,0x11,0x0,469,1.0,0.25,7,5,"Екзодар",,,,,,,,"Екзодар",,,,,,,,0xFF01FE,"Корабль наару, доставивший дренеїв на Азерот. Розташований на островах Лазурової Мряки, він служить домом цій благородній расі.",,,,,,,,"Корабль наару, доставивший дренеїв на Азерот. Розташований на островах Лазурової Мряки, він служить домом цій благородній расі.",,,,,,,,0xFF01FE,
931,-1,0,0,0x0,0x0,0,0,0x0,0x0,0,0,0,0,0x0,0,0x0,0x0,0,1.0,1.0,5,5,"Тестовая фракція (неіснуюча)",,,,,,,,"Тестовая фракція (неіснуюча)",,,,,,,,0xFF01FE,"Ця фракція призначена для тестування назв і описів фракцій...",,,,,,,,"Ця фракція призначена для тестування назв і описів фракцій...",,,,,,,,0xFF01FE,
932,58,255,1024,0x200,0x0,0,0,0x0,0x0,0,3500,-3500,0,0x50,80,0x50,0x0,936,-1.10000002384,1.0,7,7,"Алдори",,,,,,,,"Алдори",,,,,,,,0xFF01FE,"Цей древній орден дренейских жерців, започаткований Веленом, зараз очолює верховна жриця Ішана. Представники Алдорів прислужують наару в Шаттраті і ворогують з Провидцями.",,,,,,,,"Цей древній орден дренейских жерців, започаткований Веленом, зараз очолює верховна жриця Ішана. Представники Алдорів прислужують наару в Шаттраті і ворогують з Провидцями.",,,,,,,,0xFF01FE,
933,60,2047,0,0x0,0x0,0,0,0x0,0x0,0,0,0,0,0x10,0,0x0,0x0,980,0.0,0.0,7,7,"Консорціум",,,,,,,,"Консорціум",,,,,,,,0xFF01FE,"Консорціум принца Харамада – слабоорганізована спільнота астральних контрабандистів, торговців і злодіїв, що прийшли в Позамежжя в погоні за прибутками.",,,,,,,,"Консорціум принца Харамада – слабоорганізована спільнота астральних контрабандистів, торговців і злодіїв, що прийшли в Позамежжя в погоні за прибутками.",,,,,,,,0xFF01FE,
934,62,255,1024,0x200,0x0,0,0,0x0,0x0,0,-3500,3500,0,0x50,80,0x50,0x0,936,-1.10000002384,1.0,7,7,"Провидці",,,,,,,,"Провидці",,,,,,,,0xFF01FE,"Цю группу ельфів крові, які відкинули шлях Кель'таса, очолює Ворен'таль Провидець. До великого невдоволення Алдорів, Провидці уклали союз з наару з Шаттрата.",,,,,,,,"Цю группу ельфів крові, які відкинули шлях Кель'таса, очолює Ворен'таль Провидець. До великого невдоволення Алдорів, Провидці уклали союз з наару з Шаттрата.",,,,,,,,0xFF01FE,
935,39,1791,0,0x0,0x0,0,0,0x0,0x0,0,0,0,0,0x10,0,0x0,0x0,936,0.5,0.0,4,3,"Ша'тар",,,,,,,,"Ша'тар",,,,,,,,0xFF01FE,"Группа могутніх наару, яка править наново відбудованим містом Шаттрат. Спільно з Алдорами і Провидцями вони борються проти Іллідана і Палаючого Легіону.",,,,,,,,"Группа могутніх наару, яка править наново відбудованим містом Шаттрат. Спільно з Алдорами і Провидцями вони борються проти Іллідана і Палаючого Легіону.",,,,,,,,0xFF01FE,
936,59,2047,0,0x0,0x0,0,0,0x0,0x0,0,0,0,0,0x1C,0,0x0,0x0,980,0.0,0.0,7,7,"Місто Шаттрат",,,,,,,,"Місто Шаттрат",,,,,,,,0xFF01FE,"",,,,,,,,"",,,,,,,,0xFF01FC,
937,-1,0,0,0x0,0x0,0,0,0x0,0x0,0,0,0,0,0x0,0,0x0,0x0,0,1.0,1.0,5,5,"Троль: Лісовий",,,,,,,,"Троль: Лісовий",,,,,,,,0xFF01FE,"",,,,,,,,"",,,,,,,,0xFF01FC,
938,-1,0,0,0x0,0x0,0,0,0x0,0x0,0,0,0,0,0x0,0,0x0,0x0,0,1.0,1.0,5,5,"Оменай",,,,,,,,"Оменай",,,,,,,,0xFF01FE,"",,,,,,,,"",,,,,,,,0xFF01FC,
939,-1,0,0,0x0,0x0,0,0,0x0,0x0,0,0,0,0,0x0,0,0x0,0x0,0,1.0,1.0,5,5,"ВИКЛЮЧЕНО",,,,,,,,"ВИКЛЮЧЕНО",,,,,,,,0xFF01FE,"",,,,,,,,"",,,,,,,,0xFF01FC,
940,-1,0,0,0x0,0x0,0,0,0x0,0x0,0,0,0,0,0x0,0,0x0,0x0,0,1.0,1.0,5,5,"Сини Лотара",,,,,,,,"Сини Лотара",,,,,,,,0xFF01FE,"",,,,,,,,"",,,,,,,,0xFF01FC,
941,61,690,1101,0x0,0x0,0,0,0x0,0x0,-500,-42000,0,0,0x10,6,0x0,0x0,980,0.0,0.0,5,5,"Маг'хари",,,,,,,,"Маг'хари",,,,,,,,0xFF01FE,"Ця відлюдна громада бурошкірих орків уникла будь-якого демонічного осквернення. Незважаючи на всі зміни, що охопили Позамежжя, вони зберегли свої давні звичаї та традиційний уклад життя.",,,,,,,,"Ця відлюдна громада бурошкірих орків уникла будь-якого демонічного осквернення. Незважаючи на всі зміни, що охопили Позамежжя, вони зберегли свої давні звичаї та традиційний уклад життя.",,,,,,,,0xFF01FE,
942,64,2047,0,0x0,0x0,0,0,0x0,0x0,0,0,0,0,0x10,0,0x0,0x0,980,0.0,0.0,5,5,"Кенарійська експедиція",,,,,,,,"Кенарійська експедиція",,,,,,,,0xFF01FE,"Експедиція Кола Кенарія, організованна для вивчення фауни Позамежжя. З часу відкриття Темного портала її чисельність і незалежність помітно збільшилась.",,,,,,,,"Експедиція Кола Кенарія, організованна для вивчення фауни Позамежжя. З часу відкриття Темного портала її чисельність і незалежність помітно збільшилась.",,,,,,,,0xFF01FE,
943,-1,0,0,0x0,0x0,0,0,0x0,0x0,0,0,0,0,0x0,0,0x0,0x0,0,1.0,1.0,5,5,"Орк Скверни",,,,,,,,"Орк Скверни",,,,,,,,0xFF01FE,"",,,,,,,,"",,,,,,,,0xFF01FC,
944,-1,0,0,0x0,0x0,0,0,0x0,0x0,0,0,0,0,0x0,0,0x0,0x0,0,1.0,1.0,5,5,"Привид орка Скверни",,,,,,,,"Привид орка Скверни",,,,,,,,0xFF01FE,"",,,,,,,,"",,,,,,,,0xFF01FC,
945,-1,0,0,0x0,0x0,0,0,0x0,0x0,0,0,0,0,0x0,0,0x0,0x0,0,1.0,1.0,5,5,"Привиди Синів Лотара",,,,,,,,"Привиди Синів Лотара",,,,,,,,0xFF01FE,"",,,,,,,,"",,,,,,,,0xFF01FC,
946,38,1101,690,0x0,0x0,0,0,0x0,0x0,0,-42000,0,0,0x10,0,0x0,0x0,980,0.0,0.0,5,5,"Бастіон Честі",,,,,,,,"Бастіон Честі",,,,,,,,0xFF01FE,"Цю заставу заснували супутники Синів Лотара – загартовані ветерани Альянсу, першими прийшовшими в Дренор. Зараз до них приєдналися воїни з Штормграду і Стальгорну.",,,,,,,,"Цю заставу заснували супутники Синів Лотара – загартовані ветерани Альянсу, першими прийшовшими в Дренор. Зараз до них приєдналися воїни з Штормграду і Стальгорну.",,,,,,,,0xFF01FE,
947,37,690,1101,0x0,0x0,0,0,0x0,0x0,0,-42000,0,0,0x10,0,0x0,0x0,980,0.0,0.0,5,5,"Траллмар",,,,,,,,"Траллмар",,,,,,,,0xFF01FE,"Цю фортецю на Півострові Пекельного Полум'я возвела експедиція в Темний Портал, спорядженна Траллом. Траллмар служит опорним пунктом Орди в Позамежжі.",,,,,,,,"Цю фортецю на Півострові Пекельного Полум'я возвела експедиція в Темний Портал, споряджена Траллом. Траллмар служит опорним пунктом Орди в Позамежжі.",,,,,,,,0xFF01FE,
948,86,32767,0,0x0,0x0,0,0,0x0,0x0,0,0,0,0,0x8,0,0x0,0x0,949,1.0,1.0,5,5,"Тестовая фракція 2",,,,,,,,"Тестовая фракція 2",,,,,,,,0xFF01FE,"",,,,,,,,"",,,,,,,,0xFF01FC,
949,85,32767,0,0x0,0x0,0,0,0x0,0x0,0,0,0,0,0x18,0,0x0,0x0,0,1.0,1.0,5,5,"Тестовая фракція 1",,,,,,,,"Тестовая фракція 1",,,,,,,,0xFF01FE,"",,,,,,,,"",,,,,,,,0xFF01FC,
950,-1,0,0,0x0,0x0,0,0,0x0,0x0,0,0,0,0,0x0,0,0x0,0x0,0,1.0,1.0,5,5,"ToWoW: прапор",,,,,,,,"ToWoW: прапор",,,,,,,,0xFF01FE,"",,,,,,,,"",,,,,,,,0xFF01FC,
951,-1,0,0,0x0,0x0,0,0,0x0,0x0,0,0,0,0,0x0,0,0x0,0x0,0,1.0,1.0,5,5,"ToWoW - Flag Trigger Alliance (DND)",,,,,,,,"ToWoW - Flag Trigger Alliance (DND)",,,,,,,,0xFF01FE,"",,,,,,,,"",,,,,,,,0xFF01FC,
952,87,32767,0,0x0,0x0,0,0,0x0,0x0,0,0,0,0,0x0,0,0x0,0x0,948,1.0,1.0,5,5,"Тестовая фракція 3",,,,,,,,"Тестовая фракція 3",,,,,,,,0xFF01FE,"",,,,,,,,"",,,,,,,,0xFF01FC,
953,-1,0,0,0x0,0x0,0,0,0x0,0x0,0,0,0,0,0x0,0,0x0,0x0,0,1.0,1.0,5,5,"Тестовая фракція 4",,,,,,,,"Тестовая фракція 4",,,,,,,,0xFF01FE,"",,,,,,,,"",,,,,,,,0xFF01FC,
954,-1,0,0,0x0,0x0,0,0,0x0,0x0,0,0,0,0,0x0,0,0x0,0x0,0,1.0,1.0,5,5,"ToWoW - Flag Trigger Horde (DND)",,,,,,,,"ToWoW - Flag Trigger Horde (DND)",,,,,,,,0xFF01FE,"",,,,,,,,"",,,,,,,,0xFF01FC,
955,-1,0,0,0x0,0x0,0,0,0x0,0x0,0,0,0,0,0x0,0,0x0,0x0,0,1.0,1.0,5,5,"Сломленные",,,,,,,,"Сломленные",,,,,,,,0xFF01FE,"",,,,,,,,"",,,,,,,,0xFF01FC,
956,-1,0,0,0x0,0x0,0,0,0x0,0x0,0,0,0,0,0x0,0,0x0,0x0,0,1.0,1.0,5,5,"Братство Ефіріум",,,,,,,,"Братство Ефіріум",,,,,,,,0xFF01FE,"",,,,,,,,"",,,,,,,,0xFF01FC,
957,-1,0,0,0x0,0x0,0,0,0x0,0x0,0,0,0,0,0x0,0,0x0,0x0,0,1.0,1.0,5,5,"Елементаль землі",,,,,,,,"Елементаль землі",,,,,,,,0xFF01FE,"",,,,,,,,"",,,,,,,,0xFF01FC,
958,-1,0,0,0x0,0x0,0,0,0x0,0x0,0,0,0,0,0x0,0,0x0,0x0,0,1.0,1.0,5,5,"Бойові роботи",,,,,,,,"Бойові роботи",,,,,,,,0xFF01FE,"",,,,,,,,"",,,,,,,,0xFF01FC,
959,-1,0,0,0x0,0x0,0,0,0x0,0x0,0,0,0,0,0x0,0,0x0,0x0,0,1.0,1.0,5,5,"Добрий персонаж",,,,,,,,"Добрий персонаж",,,,,,,,0xFF01FE,"",,,,,,,,"",,,,,,,,0xFF01FC,
960,-1,0,0,0x0,0x0,0,0,0x0,0x0,0,0,0,0,0x0,0,0x0,0x0,0,1.0,1.0,5,5,"Злий персонаж",,,,,,,,"Злий персонаж",,,,,,,,0xFF01FE,"",,,,,,,,"",,,,,,,,0xFF01FC,
961,-1,0,0,0x0,0x0,0,0,0x0,0x0,0,0,0,0,0x0,0,0x0,0x0,0,1.0,1.0,5,5,"Фурболг: плем'я Тихвой",,,,,,,,"Фурболг: плем'я Тихвой",,,,,,,,0xFF01FE,"",,,,,,,,"",,,,,,,,0xFF01FC,
962,-1,0,0,0x0,0x0,0,0,0x0,0x0,0,0,0,0,0x0,0,0x0,0x0,0,1.0,1.0,5,5,"Божевільний совун",,,,,,,,"Божевільний совун",,,,,,,,0xFF01FE,"",,,,,,,,"",,,,,,,,0xFF01FC,
963,-1,0,0,0x0,0x0,0,0,0x0,0x0,0,0,0,0,0x0,0,0x0,0x0,0,1.0,1.0,5,5,"Шахмати: Альянс",,,,,,,,"Шахмати: Альянс",,,,,,,,0xFF01FE,"",,,,,,,,"",,,,,,,,0xFF01FC,
964,-1,0,0,0x0,0x0,0,0,0x0,0x0,0,0,0,0,0x0,0,0x0,0x0,0,1.0,1.0,5,5,"Шахмати: Орда",,,,,,,,"Шахмати: Орда",,,,,,,,0xFF01FE,"",,,,,,,,"",,,,,,,,0xFF01FC,
965,-1,0,0,0x0,0x0,0,0,0x0,0x0,0,0,0,0,0x0,0,0x0,0x0,0,1.0,1.0,5,5,"Монстр: партнер по учебному бою",,,,,,,,"Монстр: партнер по учебному бою",,,,,,,,0xFF01FE,"",,,,,,,,"",,,,,,,,0xFF01FC,
966,-1,0,0,0x0,0x0,0,0,0x0,0x0,0,0,0,0,0x0,0,0x0,0x0,0,1.0,1.0,5,5,"Монстр: партнер по учебному бою",,,,,,,,"Монстр: партнер по учебному бою",,,,,,,,0xFF01FE,"",,,,,,,,"",,,,,,,,0xFF01FC,
967,63,4095,0,0x0,0x0,0,0,0x0,0x0,0,0,0,0,0x10,0,0x0,0x0,980,0.0,0.0,5,5,"Аметистове Око",,,,,,,,"Аметистове Око",,,,,,,,0xFF01FE,"Таємне братство Кірін-Тора, створене для нагляду за Медівом.",,,,,,,,"Таємне братство Кірін-Тора, створене для нагляду за Медівом.",,,,,,,,0xFF01FE,
968,-1,0,0,0x0,0x0,0,0,0x0,0x0,0,0,0,0,0x0,0,0x0,0x0,0,1.0,1.0,5,5,"Сонячні Яструби",,,,,,,,"Сонячні Яструби",,,,,,,,0xFF01FE,"",,,,,,,,"",,,,,,,,0xFF01FC,
969,-1,0,0,0x0,0x0,0,0,0x0,0x0,0,0,0,0,0x0,0,0x0,0x0,0,1.0,1.0,5,5,"Рука Аргуса",,,,,,,,"Рука Аргуса",,,,,,,,0xFF01FE,"",,,,,,,,"",,,,,,,,0xFF01FC,
970,65,2047,0,0x0,0x0,0,0,0x0,0x0,-2500,0,0,0,0x0,0,0x0,0x0,980,0.0,0.0,5,5,"Спореггар",,,,,,,,"Спореггар",,,,,,,,0xFF01FE,"Спорлінги – мирна раса, яка здавна населяє Позамежжя. Їхній дім розташований у південній частині Занґармаршу.",,,,,,,,"Спорлінги – мирна раса, яка здавна населяє Позамежжя. Їхній дім розташований у південній частині Занґармаршу.",,,,,,,,0xFF01FE,
971,-1,0,0,0x0,0x0,0,0,0x0,0x0,0,0,0,0,0x0,0,0x0,0x0,0,1.0,1.0,5,5,"Грибний велетень",,,,,,,,"Грибний велетень",,,,,,,,0xFF01FE,"",,,,,,,,"",,,,,,,,0xFF01FC,
972,-1,0,0,0x0,0x0,0,0,0x0,0x0,0,0,0,0,0x0,0,0x0,0x0,0,1.0,1.0,5,5,"Спороскат",,,,,,,,"Спороскат",,,,,,,,0xFF01FE,"",,,,,,,,"",,,,,,,,0xFF01FC,
973,-1,0,0,0x0,0x0,0,0,0x0,0x0,0,0,0,0,0x0,0,0x0,0x0,0,1.0,1.0,5,5,"Монстр: хищник",,,,,,,,"Монстр: хищник",,,,,,,,0xFF01FE,"",,,,,,,,"",,,,,,,,0xFF01FC,
974,-1,0,0,0x0,0x0,0,0,0x0,0x0,0,0,0,0,0x0,0,0x0,0x0,0,1.0,1.0,5,5,"Монстр: здобич",,,,,,,,"Монстр: здобич",,,,,,,,0xFF01FE,"",,,,,,,,"",,,,,,,,0xFF01FC,
975,-1,0,0,0x0,0x0,0,0,0x0,0x0,0,0,0,0,0x0,0,0x0,0x0,0,1.0,1.0,5,5,"Аномалія Порожнечі",,,,,,,,"Аномалія Порожнечі",,,,,,,,0xFF01FE,"",,,,,,,,"",,,,,,,,0xFF01FC,
976,-1,0,0,0x0,0x0,0,0,0x0,0x0,0,0,0,0,0x0,0,0x0,0x0,0,1.0,1.0,5,5,"Загарбники гори Хіджал",,,,,,,,"Загарбники гори Хіджал",,,,,,,,0xFF01FE,"",,,,,,,,"",,,,,,,,0xFF01FC,
977,-1,0,0,0x0,0x0,0,0,0x0,0x0,0,0,0,0,0x0,0,0x0,0x0,0,1.0,1.0,5,5,"Загарбники гори Хіджал",,,,,,,,"Загарбники гори Хіджал",,,,,,,,0xFF01FE,"",,,,,,,,"",,,,,,,,0xFF01FC,
978,66,1101,690,0x0,0x0,0,0,0x0,0x0,-1200,-42000,0,0,0x10,0,0x0,0x0,980,0.0,0.0,5,5,"Куренай",,,,,,,,"Куренай",,,,,,,,0xFF01FE,"Дреней – означає ""Спокутуваний"". .",,,,,,,,"Дреней – означає ""Спокутуваний"". Ці занепалі, що зуміли вирватися з рабства й обрали своїм домом Награнд, прагнучи знову віднайти свою долю.",,,,,,,,0xFF01FE,
979,-1,0,0,0x0,0x0,0,0,0x0,0x0,0,0,0,0,0x0,0,0x0,0x0,0,1.0,1.0,5,5,"Служителі Землі",,,,,,,,"Служителі Землі",,,,,,,,0xFF01FE,"",,,,,,,,"",,,,,,,,0xFF01FC,
980,43,0,0,0x0,0x0,0,0,0x0,0x0,0,0,0,0,0x18,0,0x0,0x0,0,0.0,0.0,5,5,"The Burning Crusade",,,,,,,,"The Burning Crusade",,,,,,,,0xFF01FE,"",,,,,,,,"",,,,,,,,0xFF01FC,
981,-1,0,0,0x0,0x0,0,0,0x0,0x0,0,0,0,0,0x0,0,0x0,0x0,0,1.0,1.0,5,5,"Араккоа",,,,,,,,"Араккоа",,,,,,,,0xFF01FE,"",,,,,,,,"",,,,,,,,0xFF01FC,
982,-1,0,0,0x0,0x0,0,0,0x0,0x0,0,0,0,0,0x0,0,0x0,0x0,0,1.0,1.0,5,5,"Знамя Зангармаршу: Альянс",,,,,,,,"Знамя Зангармаршу: Альянс",,,,,,,,0xFF01FE,"",,,,,,,,"",,,,,,,,0xFF01FC,
983,-1,0,0,0x0,0x0,0,0,0x0,0x0,0,0,0,0,0x0,0,0x0,0x0,0,1.0,1.0,5,5,"Знамя Зангармаршу: Орда",,,,,,,,"Знамя Зангармаршу: Орда",,,,,,,,0xFF01FE,"",,,,,,,,"",,,,,,,,0xFF01FC,
984,-1,0,0,0x0,0x0,0,0,0x0,0x0,0,0,0,0,0x0,0,0x0,0x0,0,1.0,1.0,5,5,"Знамя Зангармаршу: нейтральне",,,,,,,,"Знамя Зангармаршу: нейтральне",,,,,,,,0xFF01FE,"",,,,,,,,"",,,,,,,,0xFF01FC,
985,-1,0,0,0x0,0x0,0,0,0x0,0x0,0,0,0,0,0x0,0,0x0,0x0,0,1.0,1.0,5,5,"Печери Часу: Тралл",,,,,,,,"Печери Часу: Тралл",,,,,,,,0xFF01FE,"",,,,,,,,"",,,,,,,,0xFF01FC,
986,-1,0,0,0x0,0x0,0,0,0x0,0x0,0,0,0,0,0x0,0,0x0,0x0,0,1.0,1.0,5,5,"Печери Часу: Дарнхольд",,,,,,,,"Печери Часу: Дарнхольд",,,,,,,,0xFF01FE,"",,,,,,,,"",,,,,,,,0xFF01FC,
987,-1,0,0,0x0,0x0,0,0,0x0,0x0,0,0,0,0,0x0,0,0x0,0x0,0,1.0,1.0,5,5,"Печери Часу: Охоронці Південобережжя",,,,,,,,"Печери Часу: Охоронці Південобережжя",,,,,,,,0xFF01FE,"",,,,,,,,"",,,,,,,,0xFF01FC,
988,-1,0,0,0x0,0x0,0,0,0x0,0x0,0,0,0,0,0x0,0,0x0,0x0,0,1.0,1.0,5,5,"Прихисток Ради Тіней",,,,,,,,"Прихисток Ради Тіней",,,,,,,,0xFF01FE,"",,,,,,,,"",,,,,,,,0xFF01FC,
989,67,1791,0,0x0,0x0,0,0,0x0,0x0,0,0,0,0,0x10,0,0x0,0x0,980,0.0,0.0,5,5,"Хранителі Часу",,,,,,,,"Хранителі Часу",,,,,,,,0xFF01FE,"Бронзові дракони, особисто відібрані Ноздорму для охорони Пещер Часу.",,,,,,,,"Бронзові дракони, особисто відібрані Ноздорму для охорони Пещер Часу.",,,,,,,,0xFF01FE,
990,57,1791,0,0x0,0x0,0,0,0x0,0x0,0,0,0,0,0x10,0,0x0,0x0,980,0.0,0.0,5,5,"Піщана Луска",,,,,,,,"Піщана Луска",,,,,,,,0xFF01FE,"Таємне товариство бронзових драконів, очолюване Сорідормі, найближчою супутницею Ноздорму.",,,,,,,,"Таємне товариство бронзових драконів, очолюване Сорідормі, найближчою супутницею Ноздорму.",,,,,,,,0xFF01FE,
991,-1,0,0,0x0,0x0,0,0,0x0,0x0,0,0,0,0,0x0,0,0x0,0x0,0,1.0,1.0,5,5,"Захисник Темного портала: Альянс",,,,,,,,"Захисник Темного портала: Альянс",,,,,,,,0xFF01FE,"",,,,,,,,"",,,,,,,,0xFF01FC,
992,-1,0,0,0x0,0x0,0,0,0x0,0x0,0,0,0,0,0x0,0,0x0,0x0,0,1.0,1.0,5,5,"Захисник Темного портала: Орда",,,,,,,,"Захисник Темного портала: Орда",,,,,,,,0xFF01FE,"",,,,,,,,"",,,,,,,,0xFF01FC,
993,-1,0,0,0x0,0x0,0,0,0x0,0x0,0,0,0,0,0x0,0,0x0,0x0,0,1.0,1.0,5,5,"Загарбниик Темного портала: Легіон",,,,,,,,"Загарбник Темного портала: Легіон",,,,,,,,0xFF01FE,"",,,,,,,,"",,,,,,,,0xFF01FC,
994,-1,0,0,0x0,0x0,0,0,0x0,0x0,0,0,0,0,0x0,0,0x0,0x0,0,1.0,1.0,5,5,"Ініціатор",,,,,,,,"Ініціатор",,,,,,,,0xFF01FE,"Використовується в події ""Чорносерд Проповідник"".",,,,,,,,"Використовується в події ""Чорносерд Проповідник"".",,,,,,,,0xFF01FE,
995,-1,0,0,0x0,0x0,0,0,0x0,0x0,0,0,0,0,0x0,0,0x0,0x0,0,1.0,1.0,5,5,"Ініціатор 2",,,,,,,,"Ініціатор 2",,,,,,,,0xFF01FE,"Використовується в події ""Чорносерд Проповідник"".",,,,,,,,"Використовується в події ""Чорносерд Проповідник"".",,,,,,,,0xFF01FE,
996,-1,0,0,0x0,0x0,0,0,0x0,0x0,0,0,0,0,0x0,0,0x0,0x0,0,1.0,1.0,5,5,"Ініціатор 3",,,,,,,,"Ініціатор 3",,,,,,,,0xFF01FE,"Використовується в події ""Чорносерд Проповідник"".",,,,,,,,"Використовується в події ""Чорносерд Проповідник"".",,,,,,,,0xFF01FE,
997,-1,0,0,0x0,0x0,0,0,0x0,0x0,0,0,0,0,0x0,0,0x0,0x0,0,1.0,1.0,5,5,"Ініціатор 4",,,,,,,,"Ініціатор 4",,,,,,,,0xFF01FE,"Використовується в події ""Чорносерд Проповідник"".",,,,,,,,"Використовується в події ""Чорносерд Проповідник"".",,,,,,,,0xFF01FE,
998,-1,0,0,0x0,0x0,0,0,0x0,0x0,0,0,0,0,0x0,0,0x0,0x0,0,1.0,1.0,5,5,"Ініціатор 5",,,,,,,,"Ініціатор 5",,,,,,,,0xFF01FE,"Використовується в події ""Чорносерд Проповідник"".",,,,,,,,"Використовується в події ""Чорносерд Проповідник"".",,,,,,,,0xFF01FE,
999,-1,0,0,0x0,0x0,0,0,0x0,0x0,0,0,0,0,0x0,0,0x0,0x0,0,1.0,1.0,5,5,"Тварина з маною",,,,,,,,"Тварина з маною",,,,,,,,0xFF01FE,"",,,,,,,,"",,,,,,,,0xFF01FC,
1000,-1,0,0,0x0,0x0,0,0,0x0,0x0,0,0,0,0,0x0,0,0x0,0x0,0,1.0,1.0,5,5,"Слуга Кадгара",,,,,,,,"Слуга Кадгара",,,,,,,,0xFF01FE,"",,,,,,,,"",,,,,,,,0xFF01FC,
1001,-1,0,0,0x0,0x0,0,0,0x0,0x0,0,0,0,0,0x0,0,0x0,0x0,0,1.0,1.0,5,5,"Клан Каменерогів",,,,,,,,"Клан Каменерогів",,,,,,,,0xFF01FE,"",,,,,,,,"",,,,,,,,0xFF01FC,
1002,-1,0,0,0x0,0x0,0,0,0x0,0x0,0,0,0,0,0x0,0,0x0,0x0,0,1.0,1.0,5,5,"Братство Ефіріум: манекен",,,,,,,,"Братство Ефіріум: манекен",,,,,,,,0xFF01FE,"",,,,,,,,"",,,,,,,,0xFF01FC,
1003,-1,0,0,0x0,0x0,0,0,0x0,0x0,0,0,0,0,0x0,0,0x0,0x0,0,1.0,1.0,5,5,"Протекторат",,,,,,,,"Протекторат",,,,,,,,0xFF01FE,"",,,,,,,,"",,,,,,,,0xFF01FC,
1004,-1,0,0,0x0,0x0,0,0,0x0,0x0,0,0,0,0,0x0,0,0x0,0x0,0,1.0,1.0,5,5,"Чарівний анігілятор",,,,,,,,"Чарівний анігілятор",,,,,,,,0xFF01FE,"",,,,,,,,"",,,,,,,,0xFF01FC,
1005,68,32767,0,0x0,0x0,1503,0,0x0,0x0,3000,0,0,0,0x4,0,0x0,0x0,0,1.0,1.0,5,5,"Дружній, прихований",,,,,,,,"Дружній, прихований",,,,,,,,0xFF01FE,"",,,,,,,,"",,,,,,,,0xFF01FC,
1006,-1,0,0,0x0,0x0,0,0,0x0,0x0,0,0,0,0,0x0,0,0x0,0x0,0,1.0,1.0,5,5,"Кирин'Вар: Датрик",,,,,,,,"Кірін'Вар: Датрік",,,,,,,,0xFF01FE,"",,,,,,,,"",,,,,,,,0xFF01FC,
1007,-1,0,0,0x0,0x0,0,0,0x0,0x0,0,0,0,0,0x0,0,0x0,0x0,0,1.0,1.0,5,5,"Кирин'Вар: Белмара",,,,,,,,"Кірін'Вар: Белмара",,,,,,,,0xFF01FE,"",,,,,,,,"",,,,,,,,0xFF01FC,
1008,-1,0,0,0x0,0x0,0,0,0x0,0x0,0,0,0,0,0x0,0,0x0,0x0,0,1.0,1.0,5,5,"Кирин'Вар: Люминрат",,,,,,,,"Кірін'Вар: Люмінрат",,,,,,,,0xFF01FE,"",,,,,,,,"",,,,,,,,0xFF01FC,
1009,-1,0,0,0x0,0x0,0,0,0x0,0x0,0,0,0,0,0x0,0,0x0,0x0,0,1.0,1.0,5,5,"Кирин'Вар: Колиен",,,,,,,,"Кірін'Вар: Колієн",,,,,,,,0xFF01FE,"",,,,,,,,"",,,,,,,,0xFF01FC,
1010,-1,0,0,0x0,0x0,0,0,0x0,0x0,0,0,0,0,0x0,0,0x0,0x0,0,1.0,1.0,5,5,"Прислужник Іллідана",,,,,,,,"Прислужник Іллідана",,,,,,,,0xFF01FE,"",,,,,,,,"",,,,,,,,0xFF01FC,
1011,69,32767,0,0x0,0x0,1535,0,0x0,0x0,0,0,0,0,0x10,0,0x0,0x0,936,0.0,0.0,3,3,"Нижнє Місто",,,,,,,,"Нижнє Місто",,,,,,,,0xFF01FE,"Серед вигнанців, знайшовших прихисток в Шаттраті, зустрічаються представники найрізноманітніших рас і народів. Але варто вам допомогти одному з них, як про це дізнаються усі.",,,,,,,,"Серед вигнанців, знайшовших прихисток в Шаттраті, зустрічаються представники найрізноманітніших рас і народів. Але варто вам допомогти одному з них, як про це дізнаються усі.",,,,,,,,0xFF01FE,
1012,70,1791,0,0x0,0x0,0,0,0x0,0x0,0,0,0,0,0x10,0,0x0,0x0,980,0.0,0.0,3,3,"Пеплоусты-служителі",,,,,,,,"Пеплоусты-служителі",,,,,,,,0xFF01FE,"Еліта Зломлених, офіційно уклавша союз з Ілліданом. Пеплоусты – віддані сподвижники Аками, готові підтримати будь-які починання свого господаря.",,,,,,,,"Еліта Зломлених, офіційно уклавша союз з Ілліданом. Пеплоусты – віддані сподвижники Аками, готові підтримати будь-які починання свого господаря.",,,,,,,,0xFF01FE,
1013,-1,0,0,0x0,0x0,0,0,0x0,0x0,0,0,0,0,0x0,0,0x0,0x0,0,1.0,1.0,5,5,"Духи Примарного Місяця 1",,,,,,,,"Духи Примарного Місяця 1",,,,,,,,0xFF01FE,"",,,,,,,,"",,,,,,,,0xFF01FC,
1014,-1,0,0,0x0,0x0,0,0,0x0,0x0,0,0,0,0,0x0,0,0x0,0x0,0,1.0,1.0,5,5,"Духи Примарного Місяця 2",,,,,,,,"Духи Примарного Місяця 2",,,,,,,,0xFF01FE,"",,,,,,,,"",,,,,,,,0xFF01FC,
1015,71,1791,0,0x0,0x0,1535,0,0x0,0x0,-42000,0,0,0,0x2,0,0x0,0x0,980,0.0,0.0,5,5,"Крила Порожнечі",,,,,,,,"Крила Порожнечі",,,,,,,,0xFF01FE,"Незвичайний вид чорних драконів, що походить від нащадків Смертокрила, яйця яких були піддані впливу енергії Порожнечі. Зараз вони шукають собе, намагаючись позбутися від похмурого спадку свого батька.",,,,,,,,"Незвичайний вид чорних драконів, що походить від нащадків Смертокрила, яйця яких були піддані впливу енергії Порожнечі. Зараз вони шукають собе, намагаючись позбутися від похмурого спадку свого батька.",,,,,,,,0xFF01FE,
1016,-1,0,0,0x0,0x0,0,0,0x0,0x0,0,0,0,0,0x0,0,0x0,0x0,0,1.0,1.0,5,5,"Культ Змія",,,,,,,,"Культ Змія",,,,,,,,0xFF01FE,"",,,,,,,,"",,,,,,,,0xFF01FC,
1017,-1,0,0,0x0,0x0,0,0,0x0,0x0,0,0,0,0,0x0,0,0x0,0x0,0,1.0,1.0,5,5,"Древень",,,,,,,,"Древень",,,,,,,,0xFF01FE,"",,,,,,,,"",,,,,,,,0xFF01FC,
1018,-1,0,0,0x0,0x0,0,0,0x0,0x0,0,0,0,0,0x0,0,0x0,0x0,0,1.0,1.0,5,5,"Демон Леотераса I",,,,,,,,"Демон Леотераса I",,,,,,,,0xFF01FE,"",,,,,,,,"",,,,,,,,0xFF01FC,
1019,-1,0,0,0x0,0x0,0,0,0x0,0x0,0,0,0,0,0x0,0,0x0,0x0,0,1.0,1.0,5,5,"Демон Леотераса II",,,,,,,,"Демон Леотераса II",,,,,,,,0xFF01FE,"",,,,,,,,"",,,,,,,,0xFF01FC,
1020,-1,0,0,0x0,0x0,0,0,0x0,0x0,0,0,0,0,0x0,0,0x0,0x0,0,1.0,1.0,5,5,"Демон Леотераса III",,,,,,,,"Демон Леотераса III",,,,,,,,0xFF01FE,"",,,,,,,,"",,,,,,,,0xFF01FC,
1021,-1,0,0,0x0,0x0,0,0,0x0,0x0,0,0,0,0,0x0,0,0x0,0x0,0,1.0,1.0,5,5,"Демон Леотераса IV",,,,,,,,"Демон Леотераса IV",,,,,,,,0xFF01FE,"",,,,,,,,"",,,,,,,,0xFF01FC,
1022,-1,0,0,0x0,0x0,0,0,0x0,0x0,0,0,0,0,0x0,0,0x0,0x0,0,1.0,1.0,5,5,"Демон Леотераса V",,,,,,,,"Демон Леотераса V",,,,,,,,0xFF01FE,"",,,,,,,,"",,,,,,,,0xFF01FC,
1023,-1,0,0,0x0,0x0,0,0,0x0,0x0,0,0,0,0,0x0,0,0x0,0x0,0,1.0,1.0,5,5,"Азалот",,,,,,,,"Азалот",,,,,,,,0xFF01FE,"",,,,,,,,"",,,,,,,,0xFF01FC,
1024,-1,0,0,0x0,0x0,0,0,0x0,0x0,0,0,0,0,0x0,0,0x0,0x0,0,1.0,1.0,5,5,"Камнедер",,,,,,,,"Камнедер",,,,,,,,0xFF01FE,"",,,,,,,,"",,,,,,,,0xFF01FC,
1025,-1,0,0,0x0,0x0,0,0,0x0,0x0,0,0,0,0,0x0,0,0x0,0x0,0,1.0,1.0,5,5,"Мисливець на свежевальщиков",,,,,,,,"Мисливець на свежевальщиков",,,,,,,,0xFF01FE,"",,,,,,,,"",,,,,,,,0xFF01FC,
1026,-1,0,0,0x0,0x0,0,0,0x0,0x0,0,0,0,0,0x0,0,0x0,0x0,0,1.0,1.0,5,5,"Тінь Примарного Місяця",,,,,,,,"Тінь Примарного Місяця",,,,,,,,0xFF01FE,"",,,,,,,,"",,,,,,,,0xFF01FC,
1027,-1,0,0,0x0,0x0,0,0,0x0,0x0,0,0,0,0,0x0,0,0x0,0x0,0,1.0,1.0,5,5,"Переговорное пристрій Легіону",,,,,,,,"Переговорное пристрій Легіону",,,,,,,,0xFF01FE,"",,,,,,,,"",,,,,,,,0xFF01FC,
1028,-1,0,0,0x0,0x0,0,0,0x0,0x0,0,0,0,0,0x0,0,0x0,0x0,0,1.0,1.0,5,5,"Древні з Лісів Воронів",,,,,,,,"Древні з Лісів Воронів",,,,,,,,0xFF01FE,"",,,,,,,,"",,,,,,,,0xFF01FC,
1029,-1,0,0,0x0,0x0,0,0,0x0,0x0,0,0,0,0,0x0,0,0x0,0x0,0,1.0,1.0,5,5,"Шахмати: дружні до всіх",,,,,,,,"Шахмати: дружні до всіх",,,,,,,,0xFF01FE,"",,,,,,,,"",,,,,,,,0xFF01FC,
1030,-1,0,0,0x0,0x0,0,0,0x0,0x0,0,0,0,0,0x0,0,0x0,0x0,0,1.0,1.0,5,5,"Ворота Чорного храму: Іллідарі",,,,,,,,"Ворота Чорного храму: Іллідарі",,,,,,,,0xFF01FE,"",,,,,,,,"",,,,,,,,0xFF01FC,
1031,72,1791,0,0x0,0x0,1535,0,0x0,0x0,0,0,0,0,0x10,0,0x0,0x0,936,0.0,0.0,5,5,"Охоронці Небес Ша'тар",,,,,,,,"Охоронці Небес Ша'тар",,,,,,,,0xFF01FE,"Ці крилаті захисники Шаттрата готові протистояти будь-якій загрозі, яка спуститься з неба Позамежжя.",,,,,,,,"Ці крилаті захисники Шаттрата готові протистояти будь-якій загрозі, яка спуститься з неба Позамежжя з неба Позамежжя.",,,,,,,,0xFF01FE,
1032,-1,0,0,0x0,0x0,0,0,0x0,0x0,0,0,0,0,0x0,0,0x0,0x0,0,1.0,1.0,5,5,"Зона 52",,,,,,,,"Зона 52",,,,,,,,0xFF01FE,"",,,,,,,,"",,,,,,,,0xFF01FC,
1033,-1,0,0,0x0,0x0,0,0,0x0,0x0,0,0,0,0,0x0,0,0x0,0x0,0,1.0,1.0,5,5,"Маєв",,,,,,,,"Маєв",,,,,,,,0xFF01FE,"",,,,,,,,"",,,,,,,,0xFF01FC,
1034,-1,0,0,0x0,0x0,0,0,0x0,0x0,0,0,0,0,0x0,0,0x0,0x0,0,1.0,1.0,5,5,"Примарний Араккоа Скеттісу",,,,,,,,"Примарний Араккоа Скеттісу",,,,,,,,0xFF01FE,"",,,,,,,,"",,,,,,,,0xFF01FC,
1035,-1,0,0,0x0,0x0,0,0,0x0,0x0,0,0,0,0,0x0,0,0x0,0x0,0,1.0,1.0,5,5,"Араккоа Скеттісу",,,,,,,,"Араккоа Скеттісу",,,,,,,,0xFF01FE,"",,,,,,,,"",,,,,,,,0xFF01FC,
1036,-1,0,0,0x0,0x0,0,0,0x0,0x0,0,0,0,0,0x0,0,0x0,0x0,0,1.0,1.0,5,5,"Драконяча Паща: противник",,,,,,,,"Драконяча Паща: противник",,,,,,,,0xFF01FE,"",,,,,,,,"",,,,,,,,0xFF01FC,
1037,88,1101,690,0x0,0x0,0,0,0x0,0x0,0,0,0,0,0x88,6,0x0,0x0,1097,0.0,0.0,5,5,"Авангард Альянсу",,,,,,,,"Авангард Альянсу",,,,,,,,0xFF01FE,"Об'єднані сили Альянсу в Нортренді під командуванням Експедиції Відважних, а також включають в собі цивільні об'єднання – наприклад, Лігу Дослідників.",,,,,,,,"Об'єднані сили Альянсу в Нортренді під командуванням Експедиції Відважних, а також включають в собі цивільні об'єднання – наприклад, Лігу Дослідників.",,,,,,,,0xFF01FE,
1038,73,1791,0,0x0,0x0,0,0,0x0,0x0,0,0,0,0,0x10,0,0x0,0x0,980,0.0,0.0,5,5,"Огрі'ла",,,,,,,,"Огрі'ла",,,,,,,,0xFF01FE,"Поселення Огрі'ла знаходитися на заході Лезокраю. Вплив апекситових кристалів дозволив його жителям помітно перевершити в розвитку звичайних огрів.",,,,,,,,"Поселення Огрі'ла знаходитися на заході Лезокраю. Вплив апекситових кристалів дозволив його жителям помітно перевершити в розвитку звичайних огрів.",,,,,,,,0xFF01FE,
1039,-1,0,0,0x0,0x0,0,0,0x0,0x0,0,0,0,0,0x0,0,0x0,0x0,0,1.0,1.0,5,5,"Спустошувач",,,,,,,,"Спустошувач",,,,,,,,0xFF01FE,"",,,,,,,,"",,,,,,,,0xFF01FC,
1040,-1,0,0,0x0,0x0,0,0,0x0,0x0,0,0,0,0,0x0,0,0x0,0x0,0,1.0,1.0,5,5,"REUSE",,,,,,,,"REUSE",,,,,,,,0xFF01FE,"",,,,,,,,"",,,,,,,,0xFF01FC,
1041,-1,0,0,0x0,0x0,0,0,0x0,0x0,0,0,0,0,0x0,0,0x0,0x0,0,1.0,1.0,5,5,"Шаленство",,,,,,,,"Шаленство",,,,,,,,0xFF01FE,"",,,,,,,,"",,,,,,,,0xFF01FC,
1042,-1,0,0,0x0,0x0,0,0,0x0,0x0,0,0,0,0,0x0,0,0x0,0x0,0,1.0,1.0,5,5,"Ворог Охоронці Небес",,,,,,,,"Ворог Охоронці Небес",,,,,,,,0xFF01FE,"",,,,,,,,"",,,,,,,,0xFF01FC,
1043,-1,0,0,0x0,0x0,0,0,0x0,0x0,0,0,0,0,0x0,0,0x0,0x0,0,1.0,1.0,5,5,"Скунс: Петунья",,,,,,,,"Скунс: Петунья",,,,,,,,0xFF01FE,"",,,,,,,,"",,,,,,,,0xFF01FC,
1044,-1,0,0,0x0,0x0,0,0,0x0,0x0,0,0,0,0,0x0,0,0x0,0x0,0,1.0,1.0,5,5,"Тераморський дезертир",,,,,,,,"Тераморський дезертир",,,,,,,,0xFF01FE,"",,,,,,,,"",,,,,,,,0xFF01FC,
1045,-1,0,0,0x0,0x0,0,0,0x0,0x0,0,0,0,0,0x0,0,0x0,0x0,0,1.0,1.0,5,5,"Врайкул",,,,,,,,"Врайкул",,,,,,,,0xFF01FE,"",,,,,,,,"",,,,,,,,0xFF01FC,
1046,-1,0,0,0x0,0x0,0,0,0x0,0x0,0,0,0,0,0x0,0,0x0,0x0,0,1.0,1.0,5,5,"Пірати Північного моря",,,,,,,,"Пірати Північного моря",,,,,,,,0xFF01FE,"",,,,,,,,"",,,,,,,,0xFF01FC,
1047,-1,0,0,0x0,0x0,0,0,0x0,0x0,0,0,0,0,0x0,0,0x0,0x0,0,1.0,1.0,5,5,"Тускарр",,,,,,,,"Тускарр",,,,,,,,0xFF01FE,"",,,,,,,,"",,,,,,,,0xFF01FC,
1048,-1,0,0,0x0,0x0,0,0,0x0,0x0,0,0,0,0,0x0,0,0x0,0x0,0,1.0,1.0,5,5,"UNUSED",,,,,,,,"UNUSED",,,,,,,,0xFF01FE,"",,,,,,,,"",,,,,,,,0xFF01FC,
1049,-1,0,0,0x0,0x0,0,0,0x0,0x0,0,0,0,0,0x0,0,0x0,0x0,0,1.0,1.0,5,5,"Троль: Амані",,,,,,,,"Троль: Амані",,,,,,,,0xFF01FE,"",,,,,,,,"",,,,,,,,0xFF01FC,
1050,74,1101,690,0x0,0x0,0,0,0x0,0x0,0,-42000,0,0,0x10,6,0x0,0x0,1037,0.5,0.5,7,7,"Експедиція Відважних",,,,,,,,"Експедиція Відважних",,,,,,,,0xFF01FE,"Об'єднані сили Альянсу в Нортренді, що воюють із Бичем під командуванням короля Варіана Рінна.",,,,,,,,"Об'єднані сили Альянсу в Нортренді, що воюють із Бичем під командуванням короля Варіана Рінна.",,,,,,,,0xFF01FE,
1051,-1,0,0,0x0,0x0,0,0,0x0,0x0,0,0,0,0,0x0,0,0x0,0x0,0,1.0,1.0,5,5,"UNUSED",,,,,,,,"UNUSED",,,,,,,,0xFF01FE,"",,,,,,,,"",,,,,,,,0xFF01FC,
1052,75,690,1101,0x0,0x0,0,0,0x0,0x0,0,-42000,0,0,0x98,0,0x0,0x0,1097,0.0,0.0,5,5,"Експедиція Орди",,,,,,,,"Експедиція Орди",,,,,,,,0xFF01FE,"Об'єднані сили Орди в Нортренді, авангард армії Пісні Війни.",,,,,,,,"Об'єднані сили Орди в Нортренді, авангард армії Пісні Війни.",,,,,,,,0xFF01FE,
1053,-1,0,0,0x0,0x0,0,0,0x0,0x0,0,0,0,0,0x0,0,0x0,0x0,0,1.0,1.0,5,5,"Західна Охорона",,,,,,,,"Західна Охорона",,,,,,,,0xFF01FE,"",,,,,,,,"",,,,,,,,0xFF01FC,
1054,-1,0,0,0x0,0x0,0,0,0x0,0x0,0,0,0,0,0x0,0,0x0,0x0,0,1.0,1.0,5,5,"Плямистий грифон",,,,,,,,"Плямистий грифон",,,,,,,,0xFF01FE,"",,,,,,,,"",,,,,,,,0xFF01FC,
1055,-1,0,0,0x0,0x0,0,0,0x0,0x0,0,0,0,0,0x0,0,0x0,0x0,0,1.0,1.0,5,5,"Приручений чумний пес",,,,,,,,"Приручений чумний пес",,,,,,,,0xFF01FE,"",,,,,,,,"",,,,,,,,0xFF01FC,
1056,-1,0,0,0x0,0x0,0,0,0x0,0x0,0,0,0,0,0x0,0,0x0,0x0,0,1.0,1.0,5,5,"Врайкул (Древній Дух 1)",,,,,,,,"Врайкул (Древній Дух 1)",,,,,,,,0xFF01FE,"",,,,,,,,"",,,,,,,,0xFF01FC,
1057,-1,0,0,0x0,0x0,0,0,0x0,0x0,0,0,0,0,0x0,0,0x0,0x0,0,1.0,1.0,5,5,"Врайкул (Древній Дух 2)",,,,,,,,"Врайкул (Древній Дух 2)",,,,,,,,0xFF01FE,"",,,,,,,,"",,,,,,,,0xFF01FC,
1058,-1,0,0,0x0,0x0,0,0,0x0,0x0,0,0,0,0,0x0,0,0x0,0x0,0,1.0,1.0,5,5,"Врайкул (Древній Дух 3)",,,,,,,,"Врайкул (Древній Дух 3)",,,,,,,,0xFF01FE,"",,,,,,,,"",,,,,,,,0xFF01FC,
1059,-1,0,0,0x0,0x0,0,0,0x0,0x0,0,0,0,0,0x0,0,0x0,0x0,0,1.0,1.0,5,5,"Захоплення прапора: Альянс",,,,,,,,"Захоплення прапора: Альянс",,,,,,,,0xFF01FE,"",,,,,,,,"",,,,,,,,0xFF01FC,
1060,-1,0,0,0x0,0x0,0,0,0x0,0x0,0,0,0,0,0x0,0,0x0,0x0,0,1.0,1.0,5,5,"TEST",,,,,,,,"TEST",,,,,,,,0xFF01FE,"",,,,,,,,"",,,,,,,,0xFF01FC,
1061,-1,0,0,0x0,0x0,0,0,0x0,0x0,0,0,0,0,0x0,0,0x0,0x0,0,1.0,1.0,5,5,"Врайкул",,,,,,,,"Врайкул",,,,,,,,0xFF01FE,"",,,,,,,,"",,,,,,,,0xFF01FC,
1062,-1,0,0,0x0,0x0,0,0,0x0,0x0,0,0,0,0,0x0,0,0x0,0x0,0,1.0,1.0,5,5,"Врайкул-гладіатор",,,,,,,,"Врайкул-гладіатор",,,,,,,,0xFF01FE,"",,,,,,,,"",,,,,,,,0xFF01FC,
1063,-1,0,0,0x0,0x0,0,0,0x0,0x0,0,0,0,0,0x0,0,0x0,0x0,0,1.0,1.0,5,5,"Валгардский боєць",,,,,,,,"Валгардский боєць",,,,,,,,0xFF01FE,"",,,,,,,,"",,,,,,,,0xFF01FC,
1064,76,690,1101,0x0,0x0,0,0,0x0,0x0,0,-42000,0,0,0x10,6,0x0,0x0,1052,0.5,0.5,7,7,"Таунка",,,,,,,,"Таунка",,,,,,,,0xFF01FE,"Ці витривалі родичі тауренів стали безцінними розвідниками для армій Орди, що вирушають на північ.",,,,,,,,"Ці витривалі родичі тауренів стали безцінними розвідниками для армій Орди, що вирушають на північ.",,,,,,,,0xFF01FE,
1065,-1,0,0,0x0,0x0,0,0,0x0,0x0,0,0,0,0,0x0,0,0x0,0x0,0,1.0,1.0,5,5,"Монстр, силовая реакція 1",,,,,,,,"Монстр, силовая реакція 1",,,,,,,,0xFF01FE,"",,,,,,,,"",,,,,,,,0xFF01FC,
1066,-1,0,0,0x0,0x0,0,0,0x0,0x0,0,0,0,0,0x0,0,0x0,0x0,0,1.0,1.0,5,5,"Монстр, силовая реакція 2",,,,,,,,"Монстр, силовая реакція 2",,,,,,,,0xFF01FE,"",,,,,,,,"",,,,,,,,0xFF01FC,
1067,77,690,1101,0x0,0x0,0,0,0x0,0x0,0,-42000,0,0,0x10,0,0x0,0x0,1052,0.5,0.5,7,7,"Карающая Рука",,,,,,,,"Карающая Рука",,,,,,,,0xFF01FE,"Відречені, відряджені Сільваною Вітрогін для помсти Артасу за допомогою нового виду смертоносної чуми.",,,,,,,,"Відречені, відряджені Сільваною Вітрогін для помсти Артасу за допомогою нового виду смертоносної чуми.",,,,,,,,0xFF01FE,
1068,78,1101,690,0x0,0x0,0,0,0x0,0x0,0,-42000,0,0,0x10,6,0x0,0x0,1037,0.5,0.5,7,7,"Ліга дослідників",,,,,,,,"Ліга дослідників",,,,,,,,0xFF01FE,"Ця організація прагне пролити світло на походження раси дворфів, збираючи реліквії Титанів. Результати останніх наукових досліджень спонукали їх розпочати розкопки в Нортренді.",,,,,,,,"Ця організація прагне пролити світло на походження раси дворфів, збираючи реліквії Титанів. Результати останніх наукових досліджень спонукали їх розпочати розкопки в Нортренді.",,,,,,,,0xFF01FE,
1069,-1,0,0,0x0,0x0,0,0,0x0,0x0,0,0,0,0,0x0,0,0x0,0x0,0,1.0,1.0,5,5,"Скачки на баранах: бонус DND",,,,,,,,"Скачки на баранах: бонус DND",,,,,,,,0xFF01FE,"",,,,,,,,"",,,,,,,,0xFF01FC,
1070,-1,0,0,0x0,0x0,0,0,0x0,0x0,0,0,0,0,0x0,0,0x0,0x0,0,1.0,1.0,5,5,"Скачки на баранах: пастка DND",,,,,,,,"Скачки на баранах: пастка DND",,,,,,,,0xFF01FE,"",,,,,,,,"",,,,,,,,0xFF01FC,
1071,-1,0,0,0x0,0x0,0,0,0x0,0x0,0,0,0,0,0x0,0,0x0,0x0,0,1.0,1.0,5,5,"Белочки Крейга",,,,,,,,"Белочки Крейга",,,,,,,,0xFF01FE,"Тестовая фракція",,,,,,,,"Тестовая фракція",,,,,,,,0xFF01FE,
1072,-1,0,0,0x0,0x0,0,0,0x0,0x0,0,0,0,0,0x0,0,0x0,0x0,0,1.0,1.0,5,5,"REUSE",,,,,,,,"REUSE",,,,,,,,0xFF01FE,"",,,,,,,,"",,,,,,,,0xFF01FC,
1073,79,1791,0,0x0,0x0,0,0,0x0,0x0,0,0,0,0,0x10,0,0x0,0x0,1097,0.0,0.0,5,5,"Калу'ак",,,,,,,,"Калу'ак",,,,,,,,0xFF01FE,"Ікларри – суворий, але мирний народ, який живе за рахунок рибальства й полювання на китів. Нещодавно їхні поселення зазнали жорстоких нападів, тому ікларри раді будь-яким союзникам, які пропонують допомогу.",,,,,,,,"ікларри – суворий, але мирний народ, який живе за рахунок рибальства й полювання на китів. Нещодавно їхні поселення зазнали жорстоких нападів, тому ікларри раді будь-яким союзникам, які пропонують допомогу.",,,,,,,,0xFF01FE,
1074,-1,0,0,0x0,0x0,0,0,0x0,0x0,0,0,0,0,0x0,0,0x0,0x0,0,1.0,1.0,5,5,"Свято: бочка з водою",,,,,,,,"Свято: бочка з водою",,,,,,,,0xFF01FE,"",,,,,,,,"",,,,,,,,0xFF01FC,
1075,-1,0,0,0x0,0x0,0,0,0x0,0x0,0,0,0,0,0x0,0,0x0,0x0,0,1.0,1.0,5,5,"Свято: стандартный",,,,,,,,"Свято: стандартный",,,,,,,,0xFF01FE,"",,,,,,,,"",,,,,,,,0xFF01FC,
1076,-1,0,0,0x0,0x0,0,0,0x0,0x0,0,0,0,0,0x0,0,0x0,0x0,0,1.0,1.0,5,5,"Залізні дворфи",,,,,,,,"Залізні дворфи",,,,,,,,0xFF01FE,"",,,,,,,,"",,,,,,,,0xFF01FC,
1077,80,32767,0,0x0,0x0,0,0,0x0,0x0,0,0,0,0,0x10,0,0x0,0x0,936,0.0,0.0,5,5,"Армія Розколотого Сонця",,,,,,,,"Армія Розколотого Сонця",,,,,,,,0xFF01FE,"Остання відчайдушна спроба Шаттрату відігнати принца Кель'таса від Сонячного Колодязя.",,,,,,,,"Остання відчайдушна спроба Шаттрату відігнати принца Кель'таса від Сонячного Колодязя.",,,,,,,,0xFF01FE,
1078,-1,0,0,0x0,0x0,0,0,0x0,0x0,0,0,0,0,0x0,0,0x0,0x0,0,1.0,1.0,5,5,"Вартовий-компаньйон",,,,,,,,"Вартовий-компаньйон",,,,,,,,0xFF01FE,"",,,,,,,,"",,,,,,,,0xFF01FC,
1079,-1,0,0,0x0,0x0,0,0,0x0,0x0,0,0,0,0,0x0,0,0x0,0x0,0,1.0,1.0,5,5,"Мурлок, Зимовий Плавник",,,,,,,,"Мурлок, Зимовий Плавник",,,,,,,,0xFF01FE,"",,,,,,,,"",,,,,,,,0xFF01FC,
1080,-1,0,0,0x0,0x0,0,0,0x0,0x0,0,0,0,0,0x0,0,0x0,0x0,0,1.0,1.0,5,5,"Союзник, силовая реакція",,,,,,,,"Союзник, силовая реакція",,,,,,,,0xFF01FE,"",,,,,,,,"",,,,,,,,0xFF01FC,
1081,-1,0,0,0x0,0x0,0,0,0x0,0x0,0,0,0,0,0x0,0,0x0,0x0,0,1.0,1.0,5,5,"Object, Force Reaction",,,,,,,,"Object, Force Reaction",,,,,,,,0xFF01FE,"",,,,,,,,"",,,,,,,,0xFF01FC,
1082,82,1101,690,0x0,0x0,0,0,0x0,0x0,0,-42000,0,0,0x4,2,0x0,0x0,0,1.0,1.0,5,5,"REUSE",,,,,,,,"REUSE",,,,,,,,0xFF01FE,"",,,,,,,,"",,,,,,,,0xFF01FC,
1083,-1,0,0,0x0,0x0,0,0,0x0,0x0,0,0,0,0,0x0,0,0x0,0x0,0,1.0,1.0,5,5,"REUSE",,,,,,,,"REUSE",,,,,,,,0xFF01FE,"",,,,,,,,"",,,,,,,,0xFF01FC,
1084,-1,0,0,0x0,0x0,0,0,0x0,0x0,0,0,0,0,0x0,0,0x0,0x0,0,1.0,1.0,5,5,"Врайкул: Морський",,,,,,,,"Врайкул: Морський",,,,,,,,0xFF01FE,"",,,,,,,,"",,,,,,,,0xFF01FC,
1085,81,1101,690,0x0,0x0,0,0,0x0,0x0,-42000,0,0,0,0x6,16,0x0,0x0,1052,0.5,0.5,7,7,"Армія Пісні Війни",,,,,,,,"Армія Пісні Війни",,,,,,,,0xFF01FE,"Ґаррош Пекельний Крик командує експедиційними силами Орди, що прибувають у Нортренд, щоб зустрітися з Артасом і незліченними арміями Бича.",,,,,,,,"Ґаррош Пекельний Крик командує експедиційними силами Орди, що прибувають у Нортренд, щоб зустрітися з Артасом і незліченними арміями Бича.",,,,,,,,0xFF01FE,
1086,-1,0,0,0x0,0x0,0,0,0x0,0x0,0,0,0,0,0x0,0,0x0,0x0,0,1.0,1.0,5,5,"Браконьер",,,,,,,,"Браконьер",,,,,,,,0xFF01FE,"",,,,,,,,"",,,,,,,,0xFF01FC,
1087,-1,0,0,0x0,0x0,0,0,0x0,0x0,0,0,0,0,0x0,0,0x0,0x0,0,1.0,1.0,5,5,"Святкове чудовище",,,,,,,,"Святкове чудовище",,,,,,,,0xFF01FE,"",,,,,,,,"",,,,,,,,0xFF01FC,
1088,-1,0,0,0x0,0x0,0,0,0x0,0x0,0,0,0,0,0x0,0,0x0,0x0,0,1.0,1.0,5,5,"Фурболг: Червоний Ікло",,,,,,,,"Фурболг: Червоний Ікло",,,,,,,,0xFF01FE,"",,,,,,,,"",,,,,,,,0xFF01FC,
1089,-1,0,0,0x0,0x0,0,0,0x0,0x0,0,0,0,0,0x0,0,0x0,0x0,0,1.0,1.0,5,5,"Фурболг: Льодяна Лапа",,,,,,,,"Фурболг: Льодяна Лапа",,,,,,,,0xFF01FE,"",,,,,,,,"",,,,,,,,0xFF01FC,
1090,84,1229,690,0x44D,0x2B2,1407,1407,0x80,0x80,0,0,3000,3000,0x10,16,0x10,0x10,1097,0.0,0.0,5,5,"Кірін-Тор",,,,,,,,"Кірін-Тор",,,,,,,,0xFF01FE,"Верховні і прості маги, що керують Далараном. З огляду появи нових небезпек зі сторони роду синіх драконів і Бича перемістили своє місто в серце Нортренду.",,,,,,,,"Верховні і прості маги, що керують Далараном. З огляду появи нових небезпек зі сторони роду синіх драконів і Бича перемістили своє місто в серце Нортренду.",,,,,,,,0xFF01FE,
1091,83,1791,0,0x0,0x0,0,0,0x0,0x0,0,0,0,0,0x10,0,0x0,0x0,1097,0.0,0.0,5,5,"Драконовий союз",,,,,,,,"Драконовий союз",,,,,,,,0xFF01FE,"Люта ворожість роду синіх драконів до всіх смертних, які використовують магію, змусила інші роди об'єднатися під крилом червоних драконів для боротьби зі своїми заблукалими родичами.",,,,,,,,"Люта ворожість роду синіх драконів до всіх смертних, які використовують магію, змусила інші роди об'єднатися під крилом червоних драконів для боротьби зі своїми заблукалими родичами.",,,,,,,,0xFF01FE,
1092,-1,0,0,0x0,0x0,0,0,0x0,0x0,0,0,0,0,0x0,0,0x0,0x0,0,1.0,1.0,5,5,"Азжол-Неруб",,,,,,,,"Азжол-Неруб",,,,,,,,0xFF01FE,"",,,,,,,,"",,,,,,,,0xFF01FC,
1093,-1,0,0,0x0,0x0,0,0,0x0,0x0,0,0,0,0,0x0,0,0x0,0x0,0,1.0,1.0,5,5,"REUSE",,,,,,,,"REUSE",,,,,,,,0xFF01FE,"",,,,,,,,"",,,,,,,,0xFF01FC,
1094,90,1101,690,0x0,0x0,0,0,0x0,0x0,0,-42000,0,0,0x10,6,0x0,0x0,1037,0.5,0.5,7,7,"Срібний союз",,,,,,,,"Срібний союз",,,,,,,,0xFF01FE,"Військова верхівка вищих ельфів, яка не погодилася з прийняттям ельфів крові до Кірін-Тора. Очолювані Верісою Вітрогін, вони приєдналися до сил Альянсу в Нортренді.",,,,,,,,"Військова верхівка вищих ельфів, яка не погодилася з прийняттям ельфів крові до Кірін-Тора. Очолювані Верісою Вітрокрилою, вони приєдналися до сил Альянсу в Нортренді.",,,,,,,,0xFF01FE,
1095,-1,0,0,0x0,0x0,0,0,0x0,0x0,0,0,0,0,0x0,0,0x0,0x0,0,1.0,1.0,5,5,"Звіролов з Сивих пагорбів",,,,,,,,"Звіролов з Сивих пагорбів",,,,,,,,0xFF01FE,"",,,,,,,,"",,,,,,,,0xFF01FC,
1096,-1,0,0,0x0,0x0,0,0,0x0,0x0,0,0,0,0,0x0,0,0x0,0x0,0,1.0,1.0,5,5,"REUSE",,,,,,,,"REUSE",,,,,,,,0xFF01FE,"",,,,,,,,"",,,,,,,,0xFF01FC,
1097,89,0,0,0x0,0x0,0,0,0x0,0x0,0,0,0,0,0xC,0,0x0,0x0,0,0.0,0.0,5,5,"Wrath of the Lich King",,,,,,,,"Wrath of the Lich King",,,,,,,,0xFF01FE,"",,,,,,,,"",,,,,,,,0xFF01FC,
1098,91,0,0,0x0,0x0,32,1503,0x0,0x0,3200,0,0,0,0x10,16,0x0,0x0,1097,1.0,1.0,5,5,"Лицарі Чорного Клинка",,,,,,,,"Лицарі Чорного Клинка",,,,,,,,0xFF01FE,"Залишивши службу у Короля Ліча, частина лицарів смерті об'єдналась проти свого колишнього господаря під керівництвом верховного лорда Даріона Могрейна.",,,,,,,,"Залишивши службу у Короля Ліча, частина лицарів смерті об'єдналась проти свого колишнього господаря під керівництвом верховного лорда Даріона Могрейна.",,,,,,,,0xFF01FE,
1099,-1,0,0,0x0,0x0,0,0,0x0,0x0,0,0,0,0,0x0,0,0x0,0x0,0,1.0,1.0,5,5,"Ворота Гніву (Скара)",,,,,,,,"Ворота Гніву (Скара)",,,,,,,,0xFF01FE,"",,,,,,,,"",,,,,,,,0xFF01FC,
1100,-1,0,0,0x0,0x0,0,0,0x0,0x0,0,0,0,0,0x0,0,0x0,0x0,0,1.0,1.0,5,5,"Ворота Гніву (Альянс)",,,,,,,,"Ворота Гніву (Альянс)",,,,,,,,0xFF01FE,"",,,,,,,,"",,,,,,,,0xFF01FC,
1101,-1,0,0,0x0,0x0,0,0,0x0,0x0,0,0,0,0,0x0,0,0x0,0x0,0,1.0,1.0,5,5,"Ворота Гніву (Орда)",,,,,,,,"Ворота Гніву (Орда)",,,,,,,,0xFF01FE,"",,,,,,,,"",,,,,,,,0xFF01FC,
1102,-1,0,0,0x0,0x0,0,0,0x0,0x0,0,0,0,0,0x0,0,0x0,0x0,0,1.0,1.0,5,5,"Захоплення прапора: Орда",,,,,,,,"Захоплення прапора: Орда",,,,,,,,0xFF01FE,"",,,,,,,,"",,,,,,,,0xFF01FC,
1103,-1,0,0,0x0,0x0,0,0,0x0,0x0,0,0,0,0,0x0,0,0x0,0x0,0,1.0,1.0,5,5,"Захоплення прапора: Нейтральна сторона",,,,,,,,"Захоплення прапора: Нейтральна сторона",,,,,,,,0xFF01FE,"",,,,,,,,"",,,,,,,,0xFF01FC,
1104,92,1791,0,0x0,0x0,0,0,0x0,0x0,0,0,0,0,0x10,0,0x0,0x0,1117,-2.20000004768,1.0,7,7,"Плем'я Шаленого Серця",,,,,,,,"Плем'я Шаленого Серця",,,,,,,,0xFF01FE,"Вигнане з рідних земель Бичом, це люте плем'я вовчерів зупинилося в Низині Шолазар з наміром облаштуватися там. В силу своєї агресивної природи вони вступили в конфлікт з племенами горлоків, іменованих Оракулами.",,,,,,,,"Вигнане з рідних земель Бичом, це люте плем'я вовчерів зупинилося в Низині Шолазар з наміром облаштуватися там. В силу своєї агресивної природи вони вступили в конфлікт з племенами горлоків, іменованих Оракулами.",,,,,,,,0xFF01FE,
1105,93,1791,0,0x0,0x0,0,0,0x0,0x0,0,0,0,0,0x10,0,0x0,0x0,1117,-2.20000004768,1.0,7,7,"Оракули",,,,,,,,"Оракули",,,,,,,,0xFF01FE,"Горлоки Низини Шолазар – раса рептилій, які вважають себе хранителями того незначного, що залишилось від технологій титанів в цій зоні. Вони знаходяться в стані загострення територіальної війни з вовчерами.",,,,,,,,"Горлоки Низини Шолазар – раса рептилій, які вважають себе хранителями того незначного, що залишилось від технологій титанів в цій зоні. Вони знаходяться в стані загострення територіальної війни з вовчерами.",,,,,,,,0xFF01FE,
1106,94,32767,0,0x0,0x0,0,0,0x0,0x0,0,0,0,0,0x10,0,0x0,0x0,1097,0.0,0.0,5,5,"Срібний Авангард",,,,,,,,"Срібний Авангард",,,,,,,,0xFF01FE,"Очолюваний Тіріоном Фордрінгом, Срібний Авангард об'єднав в собі реформований орден Срібної Руки і орден Срібного Світанку для боротьби проти армій Короля Ліча.",,,,,,,,"Очолюваний Тіріоном Фордрінгом, Срібний Авангард об'єднав в собі реформований орден Срібної Руки і орден Срібного Світанку для боротьби проти армій Короля Ліча.",,,,,,,,0xFF01FE,
1107,-1,0,0,0x0,0x0,0,0,0x0,0x0,0,0,0,0,0x0,0,0x0,0x0,0,1.0,1.0,5,5,"Тролі Драккарі",,,,,,,,"Тролі Драккарі",,,,,,,,0xFF01FE,"",,,,,,,,"",,,,,,,,0xFF01FC,
1108,-1,0,0,0x0,0x0,0,0,0x0,0x0,0,0,0,0,0x0,0,0x0,0x0,0,1.0,1.0,5,5,"ПВ - Артас",,,,,,,,"ПВ - Артас",,,,,,,,0xFF01FE,"",,,,,,,,"",,,,,,,,0xFF01FC,
1109,-1,0,0,0x0,0x0,0,0,0x0,0x0,0,0,0,0,0x0,0,0x0,0x0,0,1.0,1.0,5,5,"ПВ - Житель Стратхольму",,,,,,,,"ПВ - Житель Стратхольму",,,,,,,,0xFF01FE,"",,,,,,,,"",,,,,,,,0xFF01FC,
1110,-1,0,0,0x0,0x0,0,0,0x0,0x0,0,0,0,0,0x0,0,0x0,0x0,0,1.0,1.0,5,5,"ПВ - Скара",,,,,,,,"ПВ - Скара",,,,,,,,0xFF01FE,"",,,,,,,,"",,,,,,,,0xFF01FC,
1111,-1,0,0,0x0,0x0,0,0,0x0,0x0,0,0,0,0,0x0,0,0x0,0x0,0,1.0,1.0,5,5,"Фрея",,,,,,,,"Фрея",,,,,,,,0xFF01FE,"",,,,,,,,"",,,,,,,,0xFF01FC,
1112,-1,0,0,0x0,0x0,0,0,0x0,0x0,0,0,0,0,0x0,0,0x0,0x0,0,1.0,1.0,5,5,"Їздова тварина - Таксі - Альянс",,,,,,,,"Їздова тварина - Таксі - Альянс",,,,,,,,0xFF01FE,"",,,,,,,,"",,,,,,,,0xFF01FC,
1113,-1,0,0,0x0,0x0,0,0,0x0,0x0,0,0,0,0,0x0,0,0x0,0x0,0,1.0,1.0,5,5,"Їздова тварина - Таксі - Орда",,,,,,,,"Їздова тварина - Таксі - Орда",,,,,,,,0xFF01FE,"",,,,,,,,"",,,,,,,,0xFF01FC,
1114,-1,0,0,0x0,0x0,0,0,0x0,0x0,0,0,0,0,0x0,0,0x0,0x0,0,1.0,1.0,5,5,"Їздова тварина - Таксі - Нейтральна сторона",,,,,,,,"Їздова тварина - Таксі - Нейтральна сторона",,,,,,,,0xFF01FE,"",,,,,,,,"",,,,,,,,0xFF01FC,
1115,-1,0,0,0x0,0x0,0,0,0x0,0x0,0,0,0,0,0x0,0,0x0,0x0,0,1.0,1.0,5,5,"Елементаль води",,,,,,,,"Елементаль води",,,,,,,,0xFF01FE,"",,,,,,,,"",,,,,,,,0xFF01FC,
1116,-1,0,0,0x0,0x0,0,0,0x0,0x0,0,0,0,0,0x0,0,0x0,0x0,0,1.0,1.0,5,5,"Елементаль повітря",,,,,,,,"Елементаль повітря",,,,,,,,0xFF01FE,"",,,,,,,,"",,,,,,,,0xFF01FC,
1117,95,1791,0,0x0,0x0,0,0,0x0,0x0,0,0,0,0,0xC,0,0x0,0x0,1097,0.0,0.0,5,5,"Низовина Шолазар",,,,,,,,"Низовина Шолазар",,,,,,,,0xFF01FE,"",,,,,,,,"",,,,,,,,0xFF01FC,
1118,96,1791,0,0x0,0x0,0,0,0x0,0x0,0,0,0,0,0xC,0,0x0,0x0,0,0.0,0.0,5,5,"World of Warcraft",,,,,,,,"World of Warcraft",,,,,,,,0xFF01FE,"",,,,,,,,"",,,,,,,,0xFF01FC,
1119,97,1791,0,0x0,0x0,0,0,0x0,0x0,-42000,0,0,0,0x0,0,0x0,0x0,1097,0.0,0.0,5,5,"Сини Ходіра",,,,,,,,"Сини Ходіра",,,,,,,,0xFF01FE,"Сніжні велетні Грозової Гряди – войовнича раса, що проживає в Дун Ніфелемі.",,,,,,,,"Сніжні велетні Грозової Гряди – войовнича раса, що проживає в Дун Ніфелемі.",,,,,,,,0xFF01FE,
1120,-1,0,0,0x0,0x0,0,0,0x0,0x0,0,0,0,0,0x0,0,0x0,0x0,0,1.0,1.0,5,5,"Залізні велетні",,,,,,,,"Залізні велетні",,,,,,,,0xFF01FE,"",,,,,,,,"",,,,,,,,0xFF01FC,
1121,-1,0,0,0x0,0x0,0,0,0x0,0x0,0,0,0,0,0x0,0,0x0,0x0,0,1.0,1.0,5,5,"Льодяний врайкул",,,,,,,,"Льодяний врайкул",,,,,,,,0xFF01FE,"",,,,,,,,"",,,,,,,,0xFF01FC,
1122,-1,0,0,0x0,0x0,0,0,0x0,0x0,0,0,0,0,0x0,0,0x0,0x0,0,1.0,1.0,5,5,"Земельники",,,,,,,,"Земельники",,,,,,,,0xFF01FE,"",,,,,,,,"",,,,,,,,0xFF01FC,
1123,-1,0,0,0x0,0x0,0,0,0x0,0x0,0,0,0,0,0x0,0,0x0,0x0,0,1.0,1.0,5,5,"Monster Referee",,,,,,,,"Monster Referee",,,,,,,,0xFF01FE,"",,,,,,,,"",,,,,,,,0xFF01FC,
1124,98,690,1101,0x0,0x0,0,0,0x0,0x0,0,-42000,0,0,0x10,6,0x0,0x0,1052,0.5,0.5,7,7,"Викрадачі Сонця",,,,,,,,"Викрадачі Сонця",,,,,,,,0xFF01FE,"Шлях в Даларан завжди був закритий для Орди, але завдяки старанням верховного мага Етаса Викрадача Сонця їй все ж відкрили доступ в місто. Послідовники Етаса назвали в честь свого благодійника цілий район міста – Прихисток Викрадачів Сонця.",,,,,,,,"Шлях в Даларан завжди був закритий для Орди, але завдяки старанням верховного мага Етаса Викрадача Сонця їй все ж відкрили доступ в місто. Послідовники Етаса назвали в честь свого благодійника цілий район міста – Прихисток Викрадачів Сонця.",,,,,,,,0xFF01FE,
1125,-1,0,0,0x0,0x0,0,0,0x0,0x0,0,0,0,0,0x0,0,0x0,0x0,0,1.0,1.0,5,5,"Коло хильд",,,,,,,,"Коло хильд",,,,,,,,0xFF01FE,"",,,,,,,,"",,,,,,,,0xFF01FC,
1126,99,1101,690,0x0,0x0,0,0,0x0,0x0,0,-42000,0,0,0x10,0,0x0,0x0,1037,0.5,0.5,7,7,"Зиморожденные",,,,,,,,"Зиморожденные",,,,,,,,0xFF01FE,"Загадкова раса снігових дворфів, живущих в Грозової Гряді. Недавно вони подружились з мандрівниками з Ліги Дослідників і радо вітають друзів Альянсу в своїх поселениях.",,,,,,,,"Загадкова раса снежных дворфів, живущих на Грозової Гряді. Недавно вони подружились з путешественниками з Ліги Дослідників і раді приветствовать друзів Альянсу в своїх поселениях.",,,,,,,,0xFF01FE,
1127,-1,0,0,0x0,0x0,0,0,0x0,0x0,0,0,0,0,0x0,0,0x0,0x0,0,1.0,1.0,5,5,"Orgrimmar (Alex Test)",,,,,,,,"Orgrimmar (Alex Test)",,,,,,,,0xFF01FE,"",,,,,,,,"",,,,,,,,0xFF01FC,
1136,100,2097151,0,0x0,0x0,0,0,0x0,0x0,0,0,0,0,0x4,0,0x0,0x0,0,0.0,0.0,0,0,"Перенос з Транквиллиона",,,,,,,,"Перенос з Транквиллиона",,,,,,,,0xFF01FE,"",,,,,,,,"",,,,,,,,0xFF01FC,
1137,101,32767,0,0x0,0x0,1535,0,0x0,0x0,0,0,0,0,0x4,0,0x0,0x0,0,0.0,0.0,0,0,"Перенос з Приборкувачів Ледопардов",,,,,,,,"Перенос з Приборкувачів Ледопардов",,,,,,,,0xFF01FE,"",,,,,,,,"",,,,,,,,0xFF01FC,
1145,-1,0,0,0x0,0x0,0,0,0x0,0x0,0,0,0,0,0x0,0,0x0,0x0,0,0.0,0.0,0,0,"Ненавидить усі",,,,,,,,"Ненавидить усі",,,,,,,,0xFF01FE,"",,,,,,,,"",,,,,,,,0xFF01FC,
1154,102,2097151,0,0x0,0x0,0,0,0x0,0x0,0,0,0,0,0x4,0,0x0,0x0,0,0.0,0.0,0,0,"Перенос з Срібного союзу",,,,,,,,"Перенос з Срібного союзу",,,,,,,,0xFF01FE,"",,,,,,,,"",,,,,,,,0xFF01FC,
1155,103,2097151,0,0x0,0x0,0,0,0x0,0x0,0,0,0,0,0x4,0,0x0,0x0,0,0.0,0.0,0,0,"Перенос з Викрадачів Сонця",,,,,,,,"Перенос з Викрадачів Сонця",,,,,,,,0xFF01FE,"",,,,,,,,"",,,,,,,,0xFF01FC,
1156,104,2097151,0,0x0,0x0,0,0,0x0,0x0,0,0,0,0,0x10,0,0x0,0x0,1097,0.0,0.0,0,0,"Попелястий союз",,,,,,,,"Попелястий союз",,,,,,,,0xFF01FE,"По умовам договора між Тіріоном Фордрінгом і Дарионом Могрейном Срібний Авангард і Лицарі Чорного Клинка обязуются відкласти рішення разногласий до тих пір, поки Король Ліч не буде повержен.",,,,,,,,"По умовам договора між Тіріоном Фордрінгом і Дарионом Могрейном Срібний Авангард і Лицарі Чорного Клинка обязуются відкласти рішення разногласий до тих пір, поки Король Ліч не буде повержен.",,,,,,,,0xFF01FE,
1159,-1,0,0,0x0,0x0,0,0,0x0,0x0,0,0,0,0,0x0,0,0x0,0x0,0,1.0,1.0,5,5,"Захоплення прапора: Альянс 2",,,,,,,,"Захоплення прапора: Альянс 2",,,,,,,,0xFF01FE,"",,,,,,,,"",,,,,,,,0xFF01FC,
1160,-1,0,0,0x0,0x0,0,0,0x0,0x0,0,0,0,0,0x0,0,0x0,0x0,0,1.0,1.0,5,5,"Захоплення прапора: Орда 2",,,,,,,,"Захоплення прапора: Орда 2",,,,,,,,0xFF01FE,"",,,,,,,,"",,,,,,,,0xFF01FC,
